Filename,SegCellCount,NucleiCount,CellID,MandersMOC,Mandersk1,Mandersk2,MandersM1,MandersM2,PearsonCoeff,SumGolATG9,totATG9A,MajorAxisLength,MinorAxisLength,nCell,NucDis,gCell,GolATG9Dis,pCell,nonGolATG9Dis
ATG9-GolSeg_1Feb22_4019_000_A_NSW4019_TGN46-4888_ATG9-647_B_60X_001.nd2,7,6,1,0.678238,0.182518,2.52034,0.955207,0.834679,0.608821,4.12936e+07,1.11601e+08,35.8726,28.1384,1,0.110215,1,3.77449,1,8.84981
,,,2,0.635246,0.193073,2.09008,0.916939,0.849541,0.57149,2.3182e+07,1.43894e+08,38.8141,34.2791,2,1.03252,1,2.35145,1,8.34113
,,,4,0.523972,0.106462,2.57883,0.906291,0.681163,0.450952,2.50272e+07,1.03498e+07,18.671,10.1244,3,,1,0.230355,1,18.2895
,,,5,0.664207,0.188957,2.33477,0.923085,0.81743,0.602059,2.0759e+07,1.22633e+08,47.635,25.0878,4,0.145116,1,5.49411,1,13.3944
,,,6,0.655019,0.182439,2.35175,0.95071,0.803753,0.576577,2.25042e+07,1.07934e+08,40.0973,27.4846,5,1.35799,2,0.146104,1,13.7698
,,,7,0.56983,0.232629,1.39581,0.884921,0.821712,0.493857,2.54453e+07,1.90122e+08,48.1956,39.4891,6,1.93943,2,6.0955,1,10.3095
,,,7,0.601365,0.209362,1.72735,0.902511,0.801785,0.521554,,1.58161e+08,45.1134,36.5545,7,1.29346,2,2.78832,1,7.83954
,,,,,,,,,,,,,,,,2,3.16057,1,8.03128
,,,,,,,,,,,,,,,,2,6.78747,1,8.29282
,,,,,,,,,,,,,,,,2,4.72423,1,6.11494
,,,,,,,,,,,,,,,,3,,1,11.696
,,,,,,,,,,,,,,,,4,6.34232,1,9.1669
,,,,,,,,,,,,,,,,4,2.67356,1,4.45347
,,,,,,,,,,,,,,,,4,0.191313,1,10.4713
,,,,,,,,,,,,,,,,4,2.4585,1,9.1764
,,,,,,,,,,,,,,,,4,2.87655,1,12.0356
,,,,,,,,,,,,,,,,5,2.25778,1,9.64051
,,,,,,,,,,,,,,,,5,0.48299,1,11.8631
,,,,,,,,,,,,,,,,5,2.19056,2,12.6083
,,,,,,,,,,,,,,,,5,2.48225,2,9.9736
,,,,,,,,,,,,,,,,6,8.47511,2,8.83578
,,,,,,,,,,,,,,,,6,8.73793,2,10.0822
,,,,,,,,,,,,,,,,6,6.2114,2,11.6515
,,,,,,,,,,,,,,,,6,5.95686,2,10.9742
,,,,,,,,,,,,,,,,6,3.42279,2,10.1155
,,,,,,,,,,,,,,,,6,4.22681,2,6.60729
,,,,,,,,,,,,,,,,6,4.87671,2,8.2077
,,,,,,,,,,,,,,,,6,1.1702,2,9.33777
,,,,,,,,,,,,,,,,6,1.89475,2,11.4262
,,,,,,,,,,,,,,,,7,6.53605,2,7.65406
,,,,,,,,,,,,,,,,7,1.79648,2,4.17394
,,,,,,,,,,,,,,,,7,0.99081,2,8.41992
,,,,,,,,,,,,,,,,7,4.46851,2,10.2901
,,,,,,,,,,,,,,,,7,1.79406,2,5.32415
,,,,,,,,,,,,,,,,7,3.90327,2,13.3137
,,,,,,,,,,,,,,,,7,5.51563,2,10.2809
,,,,,,,,,,,,,,,,7,3.29443,2,10.7987
,,,,,,,,,,,,,,,,7,6.72339,2,14.5472
,,,,,,,,,,,,,,,,7,6.89758,3,
,,,,,,,,,,,,,,,,7,6.35857,4,15.6521
,,,,,,,,,,,,,,,,,,4,12.8242
,,,,,,,,,,,,,,,,,,4,14.0805
,,,,,,,,,,,,,,,,,,4,11.7103
,,,,,,,,,,,,,,,,,,4,9.57632
,,,,,,,,,,,,,,,,,,4,19.0718
,,,,,,,,,,,,,,,,,,4,17.2776
,,,,,,,,,,,,,,,,,,4,14.1448
,,,,,,,,,,,,,,,,,,4,15.2829
,,,,,,,,,,,,,,,,,,4,11.183
,,,,,,,,,,,,,,,,,,4,20.1619
,,,,,,,,,,,,,,,,,,4,17.8607
,,,,,,,,,,,,,,,,,,4,12.3219
,,,,,,,,,,,,,,,,,,5,12.9998
,,,,,,,,,,,,,,,,,,5,11.8456
,,,,,,,,,,,,,,,,,,5,10.721
,,,,,,,,,,,,,,,,,,5,8.96577
,,,,,,,,,,,,,,,,,,5,8.56509
,,,,,,,,,,,,,,,,,,5,7.15401
,,,,,,,,,,,,,,,,,,5,10.8094
,,,,,,,,,,,,,,,,,,5,9.46888
,,,,,,,,,,,,,,,,,,5,7.89207
,,,,,,,,,,,,,,,,,,5,6.57981
,,,,,,,,,,,,,,,,,,5,5.02767
,,,,,,,,,,,,,,,,,,5,5.73129
,,,,,,,,,,,,,,,,,,5,14.1597
,,,,,,,,,,,,,,,,,,5,4.18861
,,,,,,,,,,,,,,,,,,5,13.0362
,,,,,,,,,,,,,,,,,,5,13.5178
,,,,,,,,,,,,,,,,,,6,14.9308
,,,,,,,,,,,,,,,,,,6,12.13
,,,,,,,,,,,,,,,,,,6,11.0198
,,,,,,,,,,,,,,,,,,6,15.1204
,,,,,,,,,,,,,,,,,,6,12.435
,,,,,,,,,,,,,,,,,,6,9.81904
,,,,,,,,,,,,,,,,,,6,11.87
,,,,,,,,,,,,,,,,,,6,12.6893
,,,,,,,,,,,,,,,,,,6,18.1047
,,,,,,,,,,,,,,,,,,6,15.6992
,,,,,,,,,,,,,,,,,,6,13.4772
,,,,,,,,,,,,,,,,,,6,12.5315
,,,,,,,,,,,,,,,,,,6,12.0439
,,,,,,,,,,,,,,,,,,6,9.21368
,,,,,,,,,,,,,,,,,,6,9.11973
,,,,,,,,,,,,,,,,,,6,14.2207
,,,,,,,,,,,,,,,,,,6,13.8106
,,,,,,,,,,,,,,,,,,6,6.83656
,,,,,,,,,,,,,,,,,,6,12.9623
,,,,,,,,,,,,,,,,,,6,14.5914
,,,,,,,,,,,,,,,,,,6,13.2404
,,,,,,,,,,,,,,,,,,6,13.2695
,,,,,,,,,,,,,,,,,,6,9.40502
,,,,,,,,,,,,,,,,,,6,10.5413
,,,,,,,,,,,,,,,,,,6,9.23786
,,,,,,,,,,,,,,,,,,6,13.1502
,,,,,,,,,,,,,,,,,,7,5.28168
,,,,,,,,,,,,,,,,,,7,9.3655
,,,,,,,,,,,,,,,,,,7,6.33524
,,,,,,,,,,,,,,,,,,7,11.32
,,,,,,,,,,,,,,,,,,7,4.02856
,,,,,,,,,,,,,,,,,,7,4.85309
,,,,,,,,,,,,,,,,,,7,7.19555
,,,,,,,,,,,,,,,,,,7,11.0231
,,,,,,,,,,,,,,,,,,7,5.64112
,,,,,,,,,,,,,,,,,,7,14.5181
ATG9-GolSeg_1Feb22_4019_000_A_NSW4019_TGN46-4888_ATG9-647_B_60X_002.nd2,2,2,1,0.669054,0.276261,1.62033,0.948481,0.897821,0.602874,2.87564e+07,1.08299e+08,55.8918,28.9515,1,2.15906,1,8.18234,,
,,,2,0.656025,0.297314,1.44752,0.932951,0.856569,0.594188,1.03768e+07,8.94275e+07,44.9103,34.5836,2,0.935154,1,5.91373,,
,,,,,,,,,,,,,,,,1,5.02662,1,25.5987
,,,,,,,,,,,,,,,,1,5.10514,1,25.5536
,,,,,,,,,,,,,,,,1,2.72609,1,24.8709
,,,,,,,,,,,,,,,,1,3.68322,1,22.2731
,,,,,,,,,,,,,,,,1,1.78297,1,21.3242
,,,,,,,,,,,,,,,,1,4.49749,1,18.4529
,,,,,,,,,,,,,,,,1,1.53682,1,18.6583
,,,,,,,,,,,,,,,,1,1.44573,1,15.17
,,,,,,,,,,,,,,,,1,3.54785,1,14.5613
,,,,,,,,,,,,,,,,1,7.20456,1,17.3623
,,,,,,,,,,,,,,,,1,5.9822,1,15.5775
,,,,,,,,,,,,,,,,1,5.03959,1,12.7829
,,,,,,,,,,,,,,,,1,10.9296,1,15.326
,,,,,,,,,,,,,,,,1,6.39898,1,11.1545
,,,,,,,,,,,,,,,,1,3.76192,1,13.1805
,,,,,,,,,,,,,,,,1,4.02689,1,13.3153
,,,,,,,,,,,,,,,,1,3.21956,1,14.2487
,,,,,,,,,,,,,,,,1,2.38484,1,10.214
,,,,,,,,,,,,,,,,1,9.78396,1,10.4751
,,,,,,,,,,,,,,,,2,8.44795,1,7.2744
,,,,,,,,,,,,,,,,2,8.9909,1,4.05309
,,,,,,,,,,,,,,,,2,11.1981,1,10.8345
,,,,,,,,,,,,,,,,2,5.33142,1,5.09415
,,,,,,,,,,,,,,,,2,7.15765,1,10.6081
,,,,,,,,,,,,,,,,2,2.71399,1,3.89804
,,,,,,,,,,,,,,,,2,7.77306,1,9.6718
,,,,,,,,,,,,,,,,2,5.8019,1,9.31527
,,,,,,,,,,,,,,,,2,6.23227,1,11.5268
,,,,,,,,,,,,,,,,2,1.47056,1,6.34987
,,,,,,,,,,,,,,,,2,8.1832,1,10.4635
,,,,,,,,,,,,,,,,2,10.029,2,13.1207
,,,,,,,,,,,,,,,,2,5.763,2,10.2609
,,,,,,,,,,,,,,,,2,1.27056,2,13.6014
,,,,,,,,,,,,,,,,2,0.344005,2,6.91668
,,,,,,,,,,,,,,,,2,7.51209,2,7.78566
,,,,,,,,,,,,,,,,,,2,9.45339
,,,,,,,,,,,,,,,,,,2,12.5131
,,,,,,,,,,,,,,,,,,2,11.9614
ATG9-GolSeg_1Feb22_4019_000_A_NSW4019_TGN46-4888_ATG9-647_B_60X_003_crop.nd2,6,6,1,0.681963,0.181747,2.5589,0.844489,0.719779,0.63781,1.95607e+07,1.03391e+08,36.9536,34.2665,1,1.68194,1,1.70348,1,3.36385
,,,2,0.658295,0.217655,1.99101,0.871259,0.817022,0.606501,2.99337e+07,1.24918e+08,45.3595,34.652,2,2.16136,1,1.92821,1,2.52665
,,,3,0.679878,0.218821,2.11239,0.873646,0.755442,0.63501,2.05806e+07,1.1588e+08,46.4577,32.3417,3,1.74178,1,3.38774,1,2.47956
,,,4,0.661399,0.207601,2.10716,0.829628,0.753305,0.623214,1.83975e+07,1.02666e+08,40.9588,35.8439,4,2.35236,2,20.5495,1,5.74156
,,,5,0.647809,0.191313,2.19356,0.796044,0.734595,0.61465,3.24125e+07,1.79523e+08,54.0718,41.8134,5,0.79399,2,3.69574,2,9.41197
,,,6,0.634244,0.26679,1.5078,0.900696,0.777197,0.586626,2.76267e+07,1.34242e+08,46.0168,38.6319,6,0.260537,2,5.79248,2,8.97397
,,,,,,,,,,,,,,,,2,5.7349,2,9.49047
,,,,,,,,,,,,,,,,2,4.67188,2,9.95139
,,,,,,,,,,,,,,,,2,2.79609,2,8.83473
,,,,,,,,,,,,,,,,3,7.31057,2,8.13689
,,,,,,,,,,,,,,,,3,2.25864,2,12.235
,,,,,,,,,,,,,,,,3,5.80653,3,
,,,,,,,,,,,,,,,,3,0.97927,4,8.67977
,,,,,,,,,,,,,,,,3,4.34763,5,29.5345
,,,,,,,,,,,,,,,,3,1.90749,5,26.5151
,,,,,,,,,,,,,,,,3,2.28486,5,26.4118
,,,,,,,,,,,,,,,,4,5.98659,5,26.2074
,,,,,,,,,,,,,,,,4,5.41872,6,25.1746
,,,,,,,,,,,,,,,,4,3.55092,6,22.0915
,,,,,,,,,,,,,,,,4,3.00074,6,20.4208
,,,,,,,,,,,,,,,,4,2.1347,6,25.1383
,,,,,,,,,,,,,,,,4,3.48436,6,23.5507
,,,,,,,,,,,,,,,,4,2.31978,6,22.1798
,,,,,,,,,,,,,,,,4,3.21681,6,10.3314
,,,,,,,,,,,,,,,,5,0.590879,6,8.00762
,,,,,,,,,,,,,,,,6,0.108591,6,10.2105
,,,,,,,,,,,,,,,,6,4.25568,6,8.51629
,,,,,,,,,,,,,,,,,,6,7.90143
,,,,,,,,,,,,,,,,,,6,8.24723
,,,,,,,,,,,,,,,,,,6,11.1512
ATG9-GolSeg_1Feb22_4019_000_A_NSW4019_TGN46-4888_ATG9-647_B_60X_004.nd2,10,8,1,0.60267,0.257139,1.41251,0.871294,0.821334,0.551869,6.88101e+06,7.63127e+07,62.6528,24.8495,1,1.16642,1,2.92986,1,23.5443
,,,3,0.482683,0.0612993,3.80074,0.655144,0.663667,0.395468,1.24794e+07,5.02276e+06,14.3649,10.9838,2,,1,12.6015,1,22.24
,,,4,0.639334,0.323681,1.26281,0.837844,0.84027,0.600268,1.50739e+07,9.31247e+07,52.4079,33.9719,3,1.40553,1,3.52386,1,22.4304
,,,5,0.642388,0.314096,1.31381,0.882001,0.886678,0.587669,7.91349e+06,1.10484e+08,60.342,38.6078,4,1.33578,1,6.9642,1,5.92323
,,,6,0.628951,0.320821,1.23302,0.87411,0.856713,0.573552,801047,9.50589e+07,49.8786,37.6495,5,1.35979,1,1.79495,1,21.4116
,,,7,0.765311,0.201845,2.90173,0.950857,0.916069,0.71749,4.09256e+06,8.18843e+06,13.7447,11.1385,6,,2,,2,1.66559
,,,8,0.641017,0.261854,1.5692,0.86648,0.825083,0.596304,1.62107e+07,6.8712e+07,58.1491,28.1224,7,1.33444,3,12.4322,3,24.3663
,,,9,0.651565,0.298206,1.42364,0.838821,0.866307,0.611779,1.01958e+07,6.50328e+07,39.704,34.5818,8,1.31315,3,12.7291,3,25.7589
,,,10,0.640261,0.234925,1.74495,0.847693,0.881093,0.582627,9.81986e+06,5.28829e+07,42.0115,24.5648,9,1.71673,3,13.2338,3,15.5477
,,,10,0.679835,0.36475,1.2671,0.882398,0.816603,0.636749,,5.96575e+07,38.9891,33.303,10,0.651244,3,7.59839,3,12.986
,,,,,,,,,,,,,,,,3,10.7601,4,22.0249
,,,,,,,,,,,,,,,,3,4.47154,4,23.4861
,,,,,,,,,,,,,,,,3,5.12157,4,23.5928
,,,,,,,,,,,,,,,,3,2.98817,4,24.5234
,,,,,,,,,,,,,,,,3,4.40547,4,24.8517
,,,,,,,,,,,,,,,,3,1.86753,4,10.2763
,,,,,,,,,,,,,,,,3,5.98776,4,24.9078
,,,,,,,,,,,,,,,,3,6.88375,4,25.3933
,,,,,,,,,,,,,,,,3,7.72648,5,12.7661
,,,,,,,,,,,,,,,,4,9.53055,5,7.90124
,,,,,,,,,,,,,,,,4,8.53898,5,17.5138
,,,,,,,,,,,,,,,,4,8.32216,5,19.697
,,,,,,,,,,,,,,,,4,6.21857,6,
,,,,,,,,,,,,,,,,4,6.41712,7,9.5377
,,,,,,,,,,,,,,,,4,6.78411,8,
,,,,,,,,,,,,,,,,4,7.06687,9,16.297
,,,,,,,,,,,,,,,,4,5.62157,9,6.14516
,,,,,,,,,,,,,,,,4,7.42016,9,4.57292
,,,,,,,,,,,,,,,,5,5.08058,9,2.38337
,,,,,,,,,,,,,,,,5,4.10044,9,15.2955
,,,,,,,,,,,,,,,,5,2.87309,10,
,,,,,,,,,,,,,,,,5,2.17207,,
,,,,,,,,,,,,,,,,6,0.162545,,
,,,,,,,,,,,,,,,,7,26.9724,,
,,,,,,,,,,,,,,,,7,1.89719,,
,,,,,,,,,,,,,,,,7,6.88242,,
,,,,,,,,,,,,,,,,7,8.93902,,
,,,,,,,,,,,,,,,,7,6.44947,,
,,,,,,,,,,,,,,,,8,9.10067,,
,,,,,,,,,,,,,,,,8,6.62978,,
,,,,,,,,,,,,,,,,8,4.86957,,
,,,,,,,,,,,,,,,,8,9.32554,,
,,,,,,,,,,,,,,,,8,4.88707,,
,,,,,,,,,,,,,,,,8,9.31775,,
,,,,,,,,,,,,,,,,8,7.44321,,
,,,,,,,,,,,,,,,,8,8.74159,,
,,,,,,,,,,,,,,,,9,3.91614,,
,,,,,,,,,,,,,,,,9,5.60748,,
,,,,,,,,,,,,,,,,9,6.6625,,
,,,,,,,,,,,,,,,,9,9.5952,,
,,,,,,,,,,,,,,,,9,9.64536,,
,,,,,,,,,,,,,,,,9,11.4744,,
,,,,,,,,,,,,,,,,10,9.39383,,
,,,,,,,,,,,,,,,,10,1.05049,,
,,,,,,,,,,,,,,,,10,4.5903,,
,,,,,,,,,,,,,,,,10,0.733297,,
,,,,,,,,,,,,,,,,10,5.62048,,
ATG9-GolSeg_1Feb22_4019_000_A_NSW4019_TGN46-4888_ATG9-647_B_60X_005.nd2,6,6,1,0.509588,0.16191,1.60385,0.804403,0.808609,0.422439,2.51715e+07,1.57164e+08,55.582,33.8703,1,2.68451,1,5.7888,1,14.2888
,,,2,0.510724,0.14383,1.81352,0.747707,0.783611,0.442306,9.8689e+06,1.3357e+08,51.7907,36.7795,2,2.62539,1,2.83031,1,8.89499
,,,3,0.535006,0.200296,1.42904,0.706467,0.779199,0.475726,1.109e+07,1.05043e+08,47.1795,39.571,3,1.72477,1,10.3829,1,13.8528
,,,4,0.574955,0.236526,1.39762,0.696173,0.817656,0.530495,1.46585e+06,9.15259e+07,44.8776,34.7464,4,2.36705,1,6.25921,1,10.3929
,,,5,0.632232,0.253729,1.57537,0.927707,0.866281,0.562966,2.23178e+07,1.50484e+08,79.2077,24.6128,5,2.55879,1,8.25136,1,9.59409
,,,6,0.64289,0.276863,1.49282,0.941654,0.822188,0.564104,5.74249e+06,1.21191e+08,69.1446,24.0462,6,2.57515,1,2.24363,1,11.8698
,,,,,,,,,,,,,,,,1,5.68876,1,10.1953
,,,,,,,,,,,,,,,,1,6.97102,1,4.8573
,,,,,,,,,,,,,,,,2,5.56979,2,12.863
,,,,,,,,,,,,,,,,2,4.55081,2,10.8452
,,,,,,,,,,,,,,,,2,1.41055,2,4.70993
,,,,,,,,,,,,,,,,2,1.27713,2,9.45804
,,,,,,,,,,,,,,,,2,2.56692,2,9.61351
,,,,,,,,,,,,,,,,2,8.87153,2,10.3616
,,,,,,,,,,,,,,,,3,3.1531,2,11.1559
,,,,,,,,,,,,,,,,3,5.27709,2,23.5819
,,,,,,,,,,,,,,,,3,4.47082,3,
,,,,,,,,,,,,,,,,3,6.37753,4,20.7157
,,,,,,,,,,,,,,,,4,3.98199,4,4.84351
,,,,,,,,,,,,,,,,5,9.44388,5,9.41908
,,,,,,,,,,,,,,,,5,11.7923,5,7.53454
,,,,,,,,,,,,,,,,5,16.4158,5,7.9147
,,,,,,,,,,,,,,,,5,17.4943,5,10.6561
,,,,,,,,,,,,,,,,5,14.0613,5,12.6078
,,,,,,,,,,,,,,,,5,10.5458,5,14.6052
,,,,,,,,,,,,,,,,5,1.31787,5,11.7883
,,,,,,,,,,,,,,,,5,2.82752,5,4.28134
,,,,,,,,,,,,,,,,5,7.2786,5,7.23472
,,,,,,,,,,,,,,,,5,10.3895,5,5.36187
,,,,,,,,,,,,,,,,5,9.28407,5,13.9172
,,,,,,,,,,,,,,,,5,7.29504,5,26.339
,,,,,,,,,,,,,,,,5,7.92664,5,19.0232
,,,,,,,,,,,,,,,,5,7.50944,5,26.1255
,,,,,,,,,,,,,,,,5,8.48126,5,16.2095
,,,,,,,,,,,,,,,,5,9.10673,5,24.1009
,,,,,,,,,,,,,,,,5,8.98714,6,22.5315
,,,,,,,,,,,,,,,,6,6.94048,6,16.904
,,,,,,,,,,,,,,,,6,6.83145,6,5.69667
,,,,,,,,,,,,,,,,6,7.32362,6,11.0795
,,,,,,,,,,,,,,,,6,11.5434,,
,,,,,,,,,,,,,,,,6,7.06312,,
,,,,,,,,,,,,,,,,6,12.1537,,
,,,,,,,,,,,,,,,,6,1.80632,,
,,,,,,,,,,,,,,,,6,1.77446,,
,,,,,,,,,,,,,,,,6,2.55177,,
ATG9-GolSeg_1Feb22_4019_000_A_NSW4019_TGN46-4888_ATG9-647_B_60X_006.nd2,4,4,1,0.53968,0.176253,1.65248,0.843483,0.782473,0.440761,467099,9.64416e+07,54.2765,35.3221,1,2.24764,1,5.23652,1,7.87947
,,,2,0.530989,0.192852,1.462,0.846937,0.798993,0.446976,8.23883e+06,1.23175e+08,58.819,39.9261,2,2.12697,2,11.7351,1,7.26936
,,,3,0.657119,0.226125,1.90959,0.915854,0.722255,0.595855,8.96631e+06,9.40059e+07,50.7379,38.7517,3,1.52661,2,9.52647,1,5.7418
,,,4,0.628475,0.288074,1.37111,0.911802,0.785032,0.535775,,9.33914e+07,54.898,41.1234,4,1.9725,2,7.97589,1,7.574
,,,,,,,,,,,,,,,,2,8.33602,1,7.7209
,,,,,,,,,,,,,,,,2,4.24596,1,5.50952
,,,,,,,,,,,,,,,,2,10.6916,1,7.86264
,,,,,,,,,,,,,,,,2,6.44962,2,12.9113
,,,,,,,,,,,,,,,,2,8.23755,2,11.6842
,,,,,,,,,,,,,,,,2,9.22545,3,9.08808
,,,,,,,,,,,,,,,,2,10.8944,3,5.93549
,,,,,,,,,,,,,,,,3,0.713468,3,4.39068
,,,,,,,,,,,,,,,,3,3.74209,3,9.4611
,,,,,,,,,,,,,,,,3,2.00347,4,11.6719
,,,,,,,,,,,,,,,,3,2.61425,4,11.8848
,,,,,,,,,,,,,,,,3,6.10715,4,10.5689
,,,,,,,,,,,,,,,,3,5.30254,,
,,,,,,,,,,,,,,,,3,9.65479,,
,,,,,,,,,,,,,,,,4,,,
ATG9-GolSeg_1Feb22_4019_000_A_NSW4019_TGN46-4888_ATG9-647_B_60X_007.nd2,2,2,1,0.650043,0.165939,2.54645,0.86347,0.771608,0.60503,1.83887e+07,1.487e+08,52.8272,30.2366,1,1.91823,1,1.16895,1,11.4158
,,,2,0.650982,0.165565,2.55959,0.918399,0.752461,0.591315,3.1259e+07,1.46087e+08,49.4438,32.1483,2,1.55124,1,3.21459,1,9.39788
,,,,,,,,,,,,,,,,2,0.739748,1,4.68179
,,,,,,,,,,,,,,,,2,6.78184,1,26.594
,,,,,,,,,,,,,,,,2,5.16317,1,3.68468
,,,,,,,,,,,,,,,,2,2.52907,1,2.08076
,,,,,,,,,,,,,,,,2,0.356717,2,6.83248
,,,,,,,,,,,,,,,,,,2,9.59649
,,,,,,,,,,,,,,,,,,2,7.67511
,,,,,,,,,,,,,,,,,,2,13.4446
,,,,,,,,,,,,,,,,,,2,3.07061
,,,,,,,,,,,,,,,,,,2,2.35123
,,,,,,,,,,,,,,,,,,2,12.7171
,,,,,,,,,,,,,,,,,,2,12.1897
,,,,,,,,,,,,,,,,,,2,8.0246
,,,,,,,,,,,,,,,,,,2,11.4312
,,,,,,,,,,,,,,,,,,2,13.8942
,,,,,,,,,,,,,,,,,,2,13.9265
,,,,,,,,,,,,,,,,,,2,14.273
,,,,,,,,,,,,,,,,,,2,10.8633
ATG9-GolSeg_1Feb22_4019_000_A_NSW4019_TGN46-4888_ATG9-647_B_60X_008_crop.nd2,8,6,1,0.490884,0.199845,1.20577,0.740512,0.810058,0.425207,2.83291e+07,1.2432e+08,48.3009,35.8195,1,0.50776,1,4.6702,1,25.6421
,,,3,0.660848,0.0584867,7.46699,0.883639,0.816543,0.620754,4.50431e+07,1.11034e+07,15.0508,11.069,2,,1,3.40327,1,9.39454
,,,4,0.614989,0.324204,1.16659,0.817207,0.805053,0.581829,403120,1.9446e+08,61.4838,34.7545,3,2.00135,1,4.77696,1,8.83651
,,,5,0.565999,0.171882,1.86381,0.842891,0.769027,0.48345,1.00313e+07,9.86804e+07,35.911,35.5615,4,1.52508,1,4.70258,2,0.237669
,,,6,0.545567,0.371981,0.800157,0.793356,0.885965,0.500613,5.9553e+07,9.04802e+07,41.9926,38.9347,5,0.246001,1,1.60082,3,1.86287
,,,7,0.535299,0.198796,1.4414,0.76328,0.782232,0.460377,4.423e+06,1.09563e+08,46.8449,34.2025,6,0.207298,1,0.85481,3,9.84077
,,,7,0.623414,0.212986,1.82475,0.833026,0.769863,0.581518,,1.8327e+08,60.3955,32.52,7,1.56942,1,4.59342,3,30.9535
,,,8,0.673,0.0749533,6.04281,0.904074,0.838064,0.627306,,8.80875e+06,15.2089,8.79909,8,,1,2.92246,3,9.83046
,,,,,,,,,,,,,,,,1,7.14705,4,8.31072
,,,,,,,,,,,,,,,,2,,4,1.61486
,,,,,,,,,,,,,,,,3,2.60924,4,7.32673
,,,,,,,,,,,,,,,,3,4.8658,4,5.19273
,,,,,,,,,,,,,,,,3,3.06045,4,18.0421
,,,,,,,,,,,,,,,,3,2.41841,4,14.1601
,,,,,,,,,,,,,,,,3,1.06402,4,19.337
,,,,,,,,,,,,,,,,3,4.02282,4,18.6936
,,,,,,,,,,,,,,,,3,5.79782,5,24.3176
,,,,,,,,,,,,,,,,3,8.60977,6,
,,,,,,,,,,,,,,,,3,10.1903,7,4.80029
,,,,,,,,,,,,,,,,3,10.0061,7,3.61746
,,,,,,,,,,,,,,,,4,1.90609,7,8.92926
,,,,,,,,,,,,,,,,4,4.60829,7,8.15438
,,,,,,,,,,,,,,,,5,5.31434,8,0.129858
,,,,,,,,,,,,,,,,5,8.86187,,
,,,,,,,,,,,,,,,,5,4.49848,,
,,,,,,,,,,,,,,,,5,1.6863,,
,,,,,,,,,,,,,,,,5,0.551945,,
,,,,,,,,,,,,,,,,5,2.95048,,
,,,,,,,,,,,,,,,,5,5.42998,,
,,,,,,,,,,,,,,,,5,4.47082,,
,,,,,,,,,,,,,,,,5,5.6207,,
,,,,,,,,,,,,,,,,5,2.99465,,
,,,,,,,,,,,,,,,,6,1.83622,,
,,,,,,,,,,,,,,,,6,3.06467,,
,,,,,,,,,,,,,,,,6,0.154952,,
,,,,,,,,,,,,,,,,6,7.46951,,
,,,,,,,,,,,,,,,,6,6.08283,,
,,,,,,,,,,,,,,,,6,3.35907,,
,,,,,,,,,,,,,,,,6,4.23118,,
,,,,,,,,,,,,,,,,6,4.2346,,
,,,,,,,,,,,,,,,,6,4.44373,,
,,,,,,,,,,,,,,,,7,5.7736,,
,,,,,,,,,,,,,,,,7,1.28226,,
,,,,,,,,,,,,,,,,7,2.74421,,
,,,,,,,,,,,,,,,,7,1.44033,,
,,,,,,,,,,,,,,,,7,1.36826,,
,,,,,,,,,,,,,,,,7,5.09663,,
,,,,,,,,,,,,,,,,8,,,
ATG9-GolSeg_1Feb22_4019_000_A_NSW4019_TGN46-4888_ATG9-647_B_60X_010.nd2,7,6,1,0.650857,0.224679,1.88543,0.91544,0.768587,0.599153,9.5851e+06,1.03767e+08,52.5496,31.0876,1,0.104753,1,8.40409,1,12.3727
,,,2,0.667099,0.198596,2.24083,0.954262,0.863075,0.566938,1.32203e+07,7.02027e+07,39.0228,24.5063,2,2.4845,1,0.245175,1,16.7956
,,,3,0.703159,0.299701,1.64976,0.943855,0.8902,0.646974,1.78209e+06,3.12165e+07,29.0143,21.2186,3,,1,1.41068,1,20.8564
,,,4,0.62561,0.254313,1.539,0.925853,0.882084,0.537978,2.98292e+06,6.39981e+07,42.8279,25.8083,4,1.3306,1,0.490951,1,21.7366
,,,5,0.667302,0.280158,1.58943,0.877552,0.850066,0.615689,8.32886e+06,5.78369e+07,43.8024,29.5473,5,0.0543461,2,4.28171,1,14.3925
,,,6,0.602021,0.21479,1.68736,0.867457,0.861189,0.524585,7.86982e+06,7.00189e+07,38.7637,29.7217,6,1.56816,2,4.12341,1,9.57916
,,,7,0.628678,0.205407,1.92416,0.932964,0.846211,0.528758,7.95029e+06,7.13575e+07,43.8883,25.31,7,1.58969,2,3.2124,1,21.0187
,,,,,,,,,,,,,,,,2,3.41448,1,6.7582
,,,,,,,,,,,,,,,,2,3.09161,1,8.73791
,,,,,,,,,,,,,,,,2,6.00449,2,14.2002
,,,,,,,,,,,,,,,,3,5.24105,2,15.7648
,,,,,,,,,,,,,,,,3,8.89876,2,11.9331
,,,,,,,,,,,,,,,,3,1.57366,2,9.63596
,,,,,,,,,,,,,,,,3,7.02267,2,5.98116
,,,,,,,,,,,,,,,,3,8.50438,2,6.23042
,,,,,,,,,,,,,,,,4,4.02566,2,6.55038
,,,,,,,,,,,,,,,,4,2.99888,2,8.42071
,,,,,,,,,,,,,,,,4,1.04974,3,2.23806
,,,,,,,,,,,,,,,,4,1.25719,3,4.2794
,,,,,,,,,,,,,,,,5,11.794,3,3.3492
,,,,,,,,,,,,,,,,5,5.6124,3,6.53336
,,,,,,,,,,,,,,,,5,4.73147,4,
,,,,,,,,,,,,,,,,6,6.28913,5,12.5444
,,,,,,,,,,,,,,,,6,3.285,5,11.9692
,,,,,,,,,,,,,,,,6,4.51896,6,8.77651
,,,,,,,,,,,,,,,,6,3.73178,7,13.132
,,,,,,,,,,,,,,,,6,5.8952,7,11.9634
,,,,,,,,,,,,,,,,7,9.47033,7,13.9157
,,,,,,,,,,,,,,,,7,5.93938,7,17.8271
,,,,,,,,,,,,,,,,7,1.4643,7,8.73594
,,,,,,,,,,,,,,,,7,5.46798,7,8.5403
,,,,,,,,,,,,,,,,7,3.31305,7,8.32087
,,,,,,,,,,,,,,,,7,5.16155,7,9.34324
ATG9-GolSeg_1Feb22_4019_000_A_NSW4019_TGN46-4888_ATG9-647_B_60X_011_crop.nd2,6,6,1,0.694734,0.342784,1.40804,0.795902,0.805957,0.665121,1.48843e+07,9.00291e+07,51.3374,34.4755,1,0.25873,1,0.733815,1,
,,,2,0.642593,0.23918,1.72642,0.822597,0.819149,0.587928,1.17273e+07,8.0256e+07,47.0297,29.8507,2,0.865708,1,0.406552,2,13.0975
,,,3,0.698766,0.265739,1.83741,0.838192,0.830649,0.661023,3.25363e+07,8.1879e+07,44.6936,30.1456,3,0.777746,2,0.180766,2,11.9622
,,,4,0.673467,0.258739,1.75296,0.813886,0.830021,0.637613,1.32116e+06,9.86661e+07,49.8886,28.1571,4,0.471303,3,1.33289,2,3.86177
,,,5,0.578172,0.354428,0.943162,0.926092,0.844745,0.502307,6.29216e+06,9.22973e+07,54.0322,36.14,5,1.21631,3,3.23535,2,15.8409
,,,6,0.570232,0.329705,0.986226,0.900149,0.850351,0.490151,,8.46857e+07,44.9419,43.9094,6,1.0016,3,1.50211,3,5.46015
,,,,,,,,,,,,,,,,3,1.66124,4,18.4129
,,,,,,,,,,,,,,,,3,0.200139,4,16.7708
,,,,,,,,,,,,,,,,3,6.10336,4,9.3987
,,,,,,,,,,,,,,,,4,0.0850475,4,5.44697
,,,,,,,,,,,,,,,,4,3.93644,4,8.45068
,,,,,,,,,,,,,,,,5,10.1206,4,5.8856
,,,,,,,,,,,,,,,,5,10.8023,4,10.4358
,,,,,,,,,,,,,,,,5,9.28641,5,9.50477
,,,,,,,,,,,,,,,,5,10.68,5,13.0152
,,,,,,,,,,,,,,,,5,7.0571,5,15.0737
,,,,,,,,,,,,,,,,5,5.80494,5,23.5415
,,,,,,,,,,,,,,,,5,4.79334,6,14.4642
,,,,,,,,,,,,,,,,5,6.57803,6,12.7371
,,,,,,,,,,,,,,,,5,5.89782,6,21.8331
,,,,,,,,,,,,,,,,5,6.91434,,
,,,,,,,,,,,,,,,,5,8.12776,,
,,,,,,,,,,,,,,,,6,,,
ATG9-GolSeg_1Feb22_4019_000_A_NSW4019_TGN46-4888_ATG9-647_B_60X_012.nd2,4,4,1,0.644253,0.245943,1.68764,0.88054,0.784349,0.566995,6.19233e+06,5.74213e+07,34.6818,26.2304,1,1.67428,1,1.59488,1,
,,,2,0.603437,0.223348,1.63035,0.880259,0.806585,0.522432,5.83863e+06,8.68738e+07,52.0778,27.1705,2,1.08508,2,1.69437,2,0.892593
,,,3,0.618744,0.196918,1.94418,0.890785,0.798078,0.528812,5.09133e+06,8.67521e+07,39.5288,32.3601,3,0.706018,2,1.9203,2,1.63731
,,,4,0.689508,0.370616,1.28279,0.916316,0.799851,0.638657,8.00497e+06,6.8131e+07,39.0253,27.9473,4,0.91649,2,3.9978,2,20.0904
,,,,,,,,,,,,,,,,3,4.78564,2,21.2018
,,,,,,,,,,,,,,,,3,4.45719,2,22.0111
,,,,,,,,,,,,,,,,3,2.27547,2,23.2504
,,,,,,,,,,,,,,,,3,1.80034,3,2.5324
,,,,,,,,,,,,,,,,3,0.67951,3,5.99764
,,,,,,,,,,,,,,,,3,2.06279,3,2.09091
,,,,,,,,,,,,,,,,4,6.07524,3,6.24636
,,,,,,,,,,,,,,,,4,5.56793,3,7.25941
,,,,,,,,,,,,,,,,4,0.486882,4,
,,,,,,,,,,,,,,,,4,3.91586,,
,,,,,,,,,,,,,,,,4,4.01789,,
,,,,,,,,,,,,,,,,4,3.11551,,
,,,,,,,,,,,,,,,,4,1.85631,,
ATG9-GolSeg_1Feb22_4019_000_A_NSW4019_TGN46-4888_ATG9-647_B_60X_013.nd2,7,6,1,0.732353,0.223259,2.40232,0.819573,0.773059,0.711503,883092,1.30732e+08,47.7339,31.3511,1,0.719672,1,0.864589,1,4.15443
,,,2,0.681048,0.214373,2.16365,0.847618,0.798161,0.646811,3.73255e+06,1.17187e+08,46.8268,28.8531,2,0.710624,2,4.05868,1,2.01025
,,,4,0.514331,0.171193,1.54526,0.779911,0.695772,0.444168,2.33826e+07,2.99069e+07,30.3715,17.952,3,1.06928,2,0.674118,1,4.93482
,,,5,0.724052,0.351187,1.4928,0.914984,0.848779,0.685187,3.44509e+06,4.98118e+07,35.1861,22.3974,4,,3,,1,6.83789
,,,6,0.714794,0.227074,2.25006,0.838378,0.792968,0.682212,4.95492e+06,8.65072e+07,48.5036,26.996,5,1.30871,4,8.05551,1,9.11099
,,,7,0.67818,0.250235,1.83798,0.922363,0.854248,0.594742,4.05939e+06,9.50452e+07,50.3194,28.4865,6,2.52908,4,3.11567,1,7.90163
,,,7,0.675422,0.271274,1.68168,0.960532,0.794195,0.566634,,8.76737e+07,49.7383,25.2437,7,2.36416,4,6.60852,1,3.5931
,,,,,,,,,,,,,,,,4,6.68833,2,5.37044
,,,,,,,,,,,,,,,,4,6.67278,2,2.62098
,,,,,,,,,,,,,,,,4,4.12357,2,4.37628
,,,,,,,,,,,,,,,,4,4.14002,2,13.3828
,,,,,,,,,,,,,,,,5,1.48678,3,
,,,,,,,,,,,,,,,,5,7.04221,4,
,,,,,,,,,,,,,,,,6,7.06162,5,4.23407
,,,,,,,,,,,,,,,,6,4.80636,5,3.72383
,,,,,,,,,,,,,,,,6,7.0034,5,5.21992
,,,,,,,,,,,,,,,,6,7.87894,6,17.8056
,,,,,,,,,,,,,,,,6,9.63667,7,11.6951
,,,,,,,,,,,,,,,,6,9.84374,,
,,,,,,,,,,,,,,,,7,6.8582,,
,,,,,,,,,,,,,,,,7,8.15787,,
,,,,,,,,,,,,,,,,7,5.72174,,
ATG9-GolSeg_1Feb22_4019_000_A_NSW4019_TGN46-4888_ATG9-647_B_60X_014_crop.nd2,2,2,1,0.626226,0.284747,1.37722,0.752124,0.801864,0.586622,4.74984e+06,1.12979e+08,75.8395,37.9913,1,1.7344,1,2.75805,1,33.6793
,,,2,0.672002,0.349684,1.29141,0.855028,0.868891,0.622221,2.12185e+07,1.00305e+08,59.4035,40.1677,2,1.72719,1,1.71345,1,35.6155
,,,,,,,,,,,,,,,,1,5.10034,2,24.71
,,,,,,,,,,,,,,,,1,10.6523,2,21.2318
,,,,,,,,,,,,,,,,2,7.67316,,
,,,,,,,,,,,,,,,,2,9.88361,,
,,,,,,,,,,,,,,,,2,7.37545,,
,,,,,,,,,,,,,,,,2,5.2,,
,,,,,,,,,,,,,,,,2,4.31326,,
,,,,,,,,,,,,,,,,2,5.34482,,
,,,,,,,,,,,,,,,,2,7.33482,,
,,,,,,,,,,,,,,,,2,5.65347,,
,,,,,,,,,,,,,,,,2,1.69903,,
,,,,,,,,,,,,,,,,2,7.50836,,
,,,,,,,,,,,,,,,,2,10.854,,
,,,,,,,,,,,,,,,,2,5.17326,,
,,,,,,,,,,,,,,,,2,9.30795,,
,,,,,,,,,,,,,,,,2,10.3059,,
ATG9-GolSeg_1Feb22_4019_000_A_NSW4019_TGN46-4888_ATG9-647_B_60X_015.nd2,6,6,1,0.444502,0.132695,1.489,0.839898,0.779292,0.3668,1.09897e+07,1.58555e+08,71.9733,27.989,1,2.66353,1,3.06363,1,33.7405
,,,2,0.54823,0.152382,1.97238,0.830229,0.769668,0.467889,1.58733e+07,1.322e+08,51.7254,34.9258,2,1.42197,1,4.92278,1,9.02335
,,,3,0.671679,0.196327,2.29797,0.938162,0.871671,0.607441,2.24141e+07,1.05396e+08,47.5401,28.4646,3,2.15146,1,6.85387,1,10.864
,,,4,0.659405,0.212535,2.04585,0.956841,0.735555,0.595263,6.04304e+06,9.18698e+07,37.9337,30.4457,4,1.55868,1,5.25415,1,11.9156
,,,5,0.64082,0.194715,2.10898,0.947144,0.86,0.556796,5.87773e+06,1.08051e+08,40.1262,30.6401,5,2.17649,1,6.95015,1,11.0545
,,,6,0.664941,0.217839,2.02969,0.948454,0.849706,0.581636,8.58089e+06,8.14452e+07,41.2455,23.8705,6,1.98236,2,6.45103,1,9.52464
,,,,,,,,,,,,,,,,2,3.60222,1,14.3307
,,,,,,,,,,,,,,,,2,0.812202,1,8.73045
,,,,,,,,,,,,,,,,2,1.95329,1,8.89635
,,,,,,,,,,,,,,,,2,10.0664,1,11.1317
,,,,,,,,,,,,,,,,3,5.6622,1,5.48583
,,,,,,,,,,,,,,,,3,9.46959,1,1.26923
,,,,,,,,,,,,,,,,3,3.71746,1,7.93715
,,,,,,,,,,,,,,,,3,6.78175,1,2.75608
,,,,,,,,,,,,,,,,3,6.44434,1,4.38263
,,,,,,,,,,,,,,,,3,4.057,1,3.7861
,,,,,,,,,,,,,,,,3,5.67498,1,32.9545
,,,,,,,,,,,,,,,,3,5.31596,2,11.4276
,,,,,,,,,,,,,,,,3,1.38207,2,8.47669
,,,,,,,,,,,,,,,,3,0.951749,2,11.2952
,,,,,,,,,,,,,,,,3,4.20753,2,10.0744
,,,,,,,,,,,,,,,,3,4.60064,3,20.263
,,,,,,,,,,,,,,,,3,4.5962,3,21.6332
,,,,,,,,,,,,,,,,3,6.41809,3,18.7604
,,,,,,,,,,,,,,,,4,1.61623,3,20.3095
,,,,,,,,,,,,,,,,4,2.2756,3,16.3755
,,,,,,,,,,,,,,,,4,4.98465,3,2.24425
,,,,,,,,,,,,,,,,4,4.03411,3,9.97956
,,,,,,,,,,,,,,,,5,4.35118,3,10.6206
,,,,,,,,,,,,,,,,5,2.40213,4,4.67293
,,,,,,,,,,,,,,,,5,1.27685,4,3.64836
,,,,,,,,,,,,,,,,5,7.07824,4,6.55157
,,,,,,,,,,,,,,,,5,4.60136,4,15.5867
,,,,,,,,,,,,,,,,5,4.38285,4,13.3752
,,,,,,,,,,,,,,,,5,6.18709,4,3.47055
,,,,,,,,,,,,,,,,5,10.4261,5,13.3241
,,,,,,,,,,,,,,,,6,8.01748,5,15.3813
,,,,,,,,,,,,,,,,6,5.75344,5,14.8733
,,,,,,,,,,,,,,,,6,8.66091,5,8.28469
,,,,,,,,,,,,,,,,6,6.5096,5,8.74592
,,,,,,,,,,,,,,,,6,6.60732,5,8.41216
,,,,,,,,,,,,,,,,6,2.30921,5,7.25467
,,,,,,,,,,,,,,,,6,6.62087,5,10.3632
,,,,,,,,,,,,,,,,6,5.05887,5,13.7691
,,,,,,,,,,,,,,,,,,5,13.7145
,,,,,,,,,,,,,,,,,,5,8.78066
,,,,,,,,,,,,,,,,,,5,8.0577
,,,,,,,,,,,,,,,,,,5,7.90253
,,,,,,,,,,,,,,,,,,5,9.14618
,,,,,,,,,,,,,,,,,,6,9.4434
,,,,,,,,,,,,,,,,,,6,3.93387
,,,,,,,,,,,,,,,,,,6,3.17006
,,,,,,,,,,,,,,,,,,6,7.76957
,,,,,,,,,,,,,,,,,,6,8.93258
,,,,,,,,,,,,,,,,,,6,10.1468
,,,,,,,,,,,,,,,,,,6,13.9239
,,,,,,,,,,,,,,,,,,6,7.33644
,,,,,,,,,,,,,,,,,,6,13.6911
,,,,,,,,,,,,,,,,,,6,14.8056
,,,,,,,,,,,,,,,,,,6,17.8837
ATG9-GolSeg_1Feb22_4019_000_C_NSW4019_TGN46-4888_ATG9-647_B_60X_002.nd2,4,4,1,0.564161,0.16758,1.89925,0.871528,0.846535,0.462634,9.24688e+06,8.46576e+07,41.9554,28.6475,1,1.82422,1,3.01112,1,5.76141
,,,2,0.559532,0.24825,1.26113,0.907986,0.850122,0.464654,1.06712e+07,6.69904e+07,42.5748,26.7474,2,1.66288,1,2.3135,1,8.34637
,,,3,0.576467,0.279096,1.19068,0.951054,0.886328,0.489756,9.71741e+06,7.01181e+07,37.1818,25.65,3,1.73823,1,5.37105,1,4.64143
,,,4,0.580948,0.346483,0.974076,0.913692,0.888039,0.507007,9.34919e+06,6.80485e+07,42.6959,26.5407,4,1.61772,1,8.8225,1,10.351
,,,,,,,,,,,,,,,,1,5.21131,1,11.2476
,,,,,,,,,,,,,,,,2,2.3759,2,4.80441
,,,,,,,,,,,,,,,,2,4.8916,2,9.40231
,,,,,,,,,,,,,,,,2,7.69602,2,22.438
,,,,,,,,,,,,,,,,2,8.26408,2,22.7441
,,,,,,,,,,,,,,,,2,2.67521,3,13.1775
,,,,,,,,,,,,,,,,2,6.16342,3,10.1678
,,,,,,,,,,,,,,,,2,6.7743,3,8.0841
,,,,,,,,,,,,,,,,2,8.46979,3,12.1693
,,,,,,,,,,,,,,,,3,10.7497,3,6.57747
,,,,,,,,,,,,,,,,3,2.64225,3,12.8017
,,,,,,,,,,,,,,,,3,7.60547,3,8.19828
,,,,,,,,,,,,,,,,3,5.54529,3,13.5602
,,,,,,,,,,,,,,,,3,7.17173,3,9.54664
,,,,,,,,,,,,,,,,3,1.79156,3,16.1329
,,,,,,,,,,,,,,,,3,3.37971,3,18.2559
,,,,,,,,,,,,,,,,3,0.92775,4,2.31447
,,,,,,,,,,,,,,,,3,4.57678,,
,,,,,,,,,,,,,,,,4,6.78845,,
,,,,,,,,,,,,,,,,4,5.48889,,
,,,,,,,,,,,,,,,,4,3.78489,,
,,,,,,,,,,,,,,,,4,2.4335,,
,,,,,,,,,,,,,,,,4,10.1748,,
,,,,,,,,,,,,,,,,4,8.71168,,
,,,,,,,,,,,,,,,,4,2.46451,,
,,,,,,,,,,,,,,,,4,4.13767,,
,,,,,,,,,,,,,,,,4,7.19254,,
,,,,,,,,,,,,,,,,4,3.29176,,
,,,,,,,,,,,,,,,,4,4.83884,,
,,,,,,,,,,,,,,,,4,5.97916,,
,,,,,,,,,,,,,,,,4,2.63322,,
,,,,,,,,,,,,,,,,4,4.11793,,
,,,,,,,,,,,,,,,,4,6.87291,,
ATG9-GolSeg_1Feb22_4019_000_C_NSW4019_TGN46-4888_ATG9-647_B_60X_004.nd2,8,6,1,0.513039,0.240636,1.09381,0.838125,0.823373,0.424319,2.77671e+06,5.09889e+07,32.3128,30.0031,1,1.23779,1,6.20721,1,
,,,2,0.547526,0.184392,1.6258,0.889028,0.841527,0.452969,1.79337e+07,6.30076e+07,34.6244,28.3402,2,0.322087,2,5.24204,2,5.37548
,,,3,0.635617,0.137731,2.93332,0.81441,0.822624,0.594589,1.07805e+07,7.21247e+07,38.3138,24.9313,3,1.25826,2,7.36575,2,6.75772
,,,4,0.582475,0.189934,1.78629,0.856212,0.835576,0.515199,1.30469e+07,6.87266e+07,40.6522,24.2642,4,1.73669,2,0.295396,2,8.44352
,,,5,0.600335,0.313073,1.15118,0.854576,0.814223,0.557035,5.5965e+06,6.53691e+07,41.3139,34.8542,5,0.876338,2,1.73982,2,4.87391
,,,6,0.498598,0.258623,0.961244,0.741087,0.729836,0.44964,1.64868e+06,1.47949e+07,23.2063,17.6507,6,,3,13.123,2,3.5983
,,,8,0.407846,0.0984672,1.68928,0.715104,0.61839,0.300095,5.26917e+06,1.82267e+07,30.361,18.2658,7,0.379913,3,1.88744,2,8.49109
,,,8,0.677196,0.392702,1.16779,0.918242,0.874514,0.632909,,3.63561e+07,36.2598,28.8658,8,,3,1.09117,2,12.9229
,,,,,,,,,,,,,,,,4,4.39489,2,11.4265
,,,,,,,,,,,,,,,,4,1.77618,3,16.379
,,,,,,,,,,,,,,,,4,3.15911,3,15.1396
,,,,,,,,,,,,,,,,4,3.80902,3,5.16649
,,,,,,,,,,,,,,,,4,1.63195,4,6.73572
,,,,,,,,,,,,,,,,5,3.83265,4,15.0184
,,,,,,,,,,,,,,,,5,3.60828,5,8.7549
,,,,,,,,,,,,,,,,5,3.9279,6,
,,,,,,,,,,,,,,,,5,4.35284,7,
,,,,,,,,,,,,,,,,6,7.94409,8,
,,,,,,,,,,,,,,,,7,,,
,,,,,,,,,,,,,,,,8,9.36611,,
,,,,,,,,,,,,,,,,8,5.44565,,
,,,,,,,,,,,,,,,,8,6.72011,,
,,,,,,,,,,,,,,,,8,5.19708,,
ATG9-GolSeg_1Feb22_4019_000_C_NSW4019_TGN46-4888_ATG9-647_B_60X_005_crop.nd2,4,4,1,0.571917,0.152733,2.14157,0.770688,0.799183,0.506007,1.12369e+07,8.5643e+07,47.5075,32.1935,1,0.800415,1,1.76403,1,7.146
,,,2,0.608953,0.240001,1.54509,0.841657,0.84668,0.532016,1.17859e+06,6.59586e+07,55.1911,25.1153,2,0.509385,1,4.16483,1,1.75905
,,,3,0.486469,0.239892,0.986492,0.831643,0.851086,0.40513,7.30648e+06,1.18061e+08,47.5211,42.5222,3,0.903221,1,5.77567,1,7.6836
,,,4,0.569043,0.191543,1.69054,0.829821,0.786971,0.485816,9.93067e+06,9.5239e+07,50.6873,31.932,4,1.4824,1,1.47532,1,11.2322
,,,,,,,,,,,,,,,,1,0.133244,1,9.98788
,,,,,,,,,,,,,,,,1,2.22205,2,
,,,,,,,,,,,,,,,,1,6.10961,3,8.53828
,,,,,,,,,,,,,,,,2,5.0817,3,10.3699
,,,,,,,,,,,,,,,,2,6.10109,4,9.40532
,,,,,,,,,,,,,,,,3,6.72507,,
,,,,,,,,,,,,,,,,3,7.24987,,
,,,,,,,,,,,,,,,,3,5.10061,,
,,,,,,,,,,,,,,,,3,1.85321,,
,,,,,,,,,,,,,,,,3,6.37907,,
,,,,,,,,,,,,,,,,3,11.6167,,
,,,,,,,,,,,,,,,,3,9.0013,,
,,,,,,,,,,,,,,,,3,10.4283,,
,,,,,,,,,,,,,,,,3,7.11339,,
,,,,,,,,,,,,,,,,3,5.60771,,
,,,,,,,,,,,,,,,,4,4.43676,,
,,,,,,,,,,,,,,,,4,2.46085,,
,,,,,,,,,,,,,,,,4,1.82466,,
,,,,,,,,,,,,,,,,4,2.3625,,
,,,,,,,,,,,,,,,,4,2.82385,,
ATG9-GolSeg_1Feb22_4019_000_C_NSW4019_TGN46-4888_ATG9-647_B_60X_006_crop.nd2,4,4,1,0.549081,0.242487,1.24333,0.934078,0.877247,0.465822,1.56968e+07,7.92687e+07,44.8215,28.9951,1,1.30371,1,7.3335,1,13.7821
,,,2,0.584062,0.389932,0.874841,0.92508,0.871509,0.513669,8.62576e+06,7.58901e+07,48.4517,30.2291,2,1.44616,1,2.44558,1,14.2156
,,,3,0.548649,0.469755,0.640793,0.920735,0.862461,0.484582,2.26133e+06,6.40152e+07,55.393,25.5769,3,0.763998,1,5.49234,1,14.2216
,,,4,0.56832,0.326057,0.990584,0.924869,0.864669,0.490917,5.30308e+06,6.18048e+07,42.8588,32.6919,4,1.43424,1,4.87163,1,11.6696
,,,,,,,,,,,,,,,,1,0.706322,1,12.2712
,,,,,,,,,,,,,,,,1,7.17119,1,12.5758
,,,,,,,,,,,,,,,,1,0.814995,1,10.9987
,,,,,,,,,,,,,,,,1,3.42461,1,8.75398
,,,,,,,,,,,,,,,,1,2.43399,1,12.1017
,,,,,,,,,,,,,,,,1,6.53157,1,10.4485
,,,,,,,,,,,,,,,,1,4.23317,1,7.52862
,,,,,,,,,,,,,,,,1,8.22779,1,13.1744
,,,,,,,,,,,,,,,,1,7.46204,1,4.8099
,,,,,,,,,,,,,,,,2,8.23794,1,8.87984
,,,,,,,,,,,,,,,,2,6.75491,1,10.2119
,,,,,,,,,,,,,,,,2,2.45088,1,11.9182
,,,,,,,,,,,,,,,,2,8.26956,1,12.3919
,,,,,,,,,,,,,,,,2,2.59613,2,10.5636
,,,,,,,,,,,,,,,,2,4.61475,2,8.49696
,,,,,,,,,,,,,,,,2,4.72704,2,13.2273
,,,,,,,,,,,,,,,,2,7.94241,3,18.5434
,,,,,,,,,,,,,,,,2,6.73495,3,25.8662
,,,,,,,,,,,,,,,,2,8.12944,3,24.12
,,,,,,,,,,,,,,,,2,10.2357,4,23.4218
,,,,,,,,,,,,,,,,2,8.52564,4,20.6815
,,,,,,,,,,,,,,,,2,10.4982,4,12.1312
,,,,,,,,,,,,,,,,3,7.61851,4,14.433
,,,,,,,,,,,,,,,,3,5.40001,4,8.92303
,,,,,,,,,,,,,,,,3,6.43431,4,11.5053
,,,,,,,,,,,,,,,,3,0.402051,4,9.98469
,,,,,,,,,,,,,,,,4,8.99587,4,9.40155
,,,,,,,,,,,,,,,,4,8.47633,,
,,,,,,,,,,,,,,,,4,8.23144,,
,,,,,,,,,,,,,,,,4,6.61744,,
,,,,,,,,,,,,,,,,4,6.4373,,
,,,,,,,,,,,,,,,,4,8.4629,,
,,,,,,,,,,,,,,,,4,4.30138,,
,,,,,,,,,,,,,,,,4,7.28064,,
ATG9-GolSeg_1Feb22_4019_000_C_NSW4019_TGN46-4888_ATG9-647_B_60X_007_crop.nd2,2,2,1,0.578919,0.233524,1.43517,0.861252,0.766894,0.477765,2.05092e+06,4.79503e+07,39.2905,31.632,1,0.226031,1,2.49765,1,
,,,2,0.56427,0.270495,1.1771,0.858955,0.806209,0.463831,1.38341e+06,5.20709e+07,50.7875,28.9321,2,1.57974,1,5.54786,2,
,,,,,,,,,,,,,,,,2,4.95732,,
ATG9-GolSeg_1Feb22_4019_000_C_NSW4019_TGN46-4888_ATG9-647_B_60X_008_crop.nd2,6,6,1,0.525176,0.128155,2.15216,0.837141,0.777125,0.424477,2.32341e+07,1.45617e+08,49.5602,37.8045,1,2.59333,1,6.50488,1,27.5936
,,,2,0.530066,0.124672,2.25367,0.859472,0.738748,0.428815,6.52508e+06,1.08185e+08,48.0827,27.1496,2,0.974152,1,6.31791,1,25.2045
,,,3,0.537323,0.238447,1.21082,0.880801,0.796945,0.450549,3.40024e+06,7.30384e+07,40.371,31.6502,3,0.461385,1,5.20561,1,23.5002
,,,4,0.592123,0.218202,1.60681,0.787962,0.731001,0.527176,7.2069e+06,7.24416e+07,47.329,33.633,4,0.810065,1,8.75452,1,7.73158
,,,5,0.559392,0.212283,1.47406,0.848536,0.763125,0.482962,8.35922e+06,7.63238e+07,47.0166,30.9911,5,2.06802,1,2.57603,1,11.1274
,,,6,0.593425,0.243557,1.44587,0.806683,0.736679,0.537616,7.58327e+06,7.0356e+07,50.5738,30.4819,6,1.61623,1,6.31571,1,7.31179
,,,,,,,,,,,,,,,,2,4.10423,1,6.67212
,,,,,,,,,,,,,,,,2,1.54589,1,6.37177
,,,,,,,,,,,,,,,,3,8.0015,1,4.57392
,,,,,,,,,,,,,,,,3,7.24236,1,25.9472
,,,,,,,,,,,,,,,,3,7.18266,1,18.292
,,,,,,,,,,,,,,,,3,2.27025,1,6.02794
,,,,,,,,,,,,,,,,3,2.77627,1,4.09654
,,,,,,,,,,,,,,,,3,0.597269,1,21.3813
,,,,,,,,,,,,,,,,3,0.232715,1,18.334
,,,,,,,,,,,,,,,,4,4.89534,2,7.71886
,,,,,,,,,,,,,,,,4,9.56094,2,11.129
,,,,,,,,,,,,,,,,5,5.28875,2,7.7254
,,,,,,,,,,,,,,,,5,3.25528,2,9.32482
,,,,,,,,,,,,,,,,5,2.20486,2,6.11914
,,,,,,,,,,,,,,,,6,3.77086,2,4.55025
,,,,,,,,,,,,,,,,6,4.60576,2,1.91906
,,,,,,,,,,,,,,,,,,2,2.85094
,,,,,,,,,,,,,,,,,,2,1.01235
,,,,,,,,,,,,,,,,,,2,2.49607
,,,,,,,,,,,,,,,,,,2,8.01129
,,,,,,,,,,,,,,,,,,2,15.6215
,,,,,,,,,,,,,,,,,,2,19.8041
,,,,,,,,,,,,,,,,,,3,4.90441
,,,,,,,,,,,,,,,,,,3,7.91162
,,,,,,,,,,,,,,,,,,4,
,,,,,,,,,,,,,,,,,,5,10.0187
,,,,,,,,,,,,,,,,,,6,
ATG9-GolSeg_1Feb22_4019_000_C_NSW4019_TGN46-4888_ATG9-647_B_60X_009.nd2,8,8,1,0.612289,0.167775,2.23453,0.870479,0.80456,0.528729,1.21824e+07,5.91171e+07,34.2647,28.2322,1,0.530684,1,1.34926,1,17.8403
,,,2,0.601628,0.17108,2.11571,0.887991,0.804172,0.509563,2.81553e+06,6.1891e+07,33.9841,25.7443,2,0.865288,1,2.86361,2,6.81941
,,,3,0.547906,0.194465,1.54373,0.815908,0.82772,0.465886,3.91116e+06,5.59625e+07,29.8568,27.6906,3,0.0748221,1,4.09957,2,5.78885
,,,4,0.590055,0.271781,1.28105,0.859566,0.820213,0.537713,1.11394e+07,6.87714e+07,40.142,25.3795,4,0.66821,1,2.14638,3,8.78112
,,,5,0.568252,0.183577,1.75899,0.838749,0.815913,0.485403,7.14683e+06,8.05455e+07,41.2736,28.9903,5,0.737545,1,1.02013,3,7.07828
,,,6,0.555509,0.212171,1.45444,0.895572,0.890869,0.456246,8.06859e+06,8.41035e+07,38.1933,28.6588,6,1.44,2,3.33524,4,7.62215
,,,7,0.542844,0.251645,1.17101,0.908434,0.8482,0.436913,3.20195e+06,8.61233e+07,41.6602,31.248,7,2.2588,2,1.04885,5,
,,,8,0.538726,0.234585,1.23719,0.870662,0.829839,0.453545,6.75684e+06,9.01174e+07,54.1159,27.9254,8,1.41778,2,0.538836,6,7.15388
,,,,,,,,,,,,,,,,2,3.23256,6,9.7636
,,,,,,,,,,,,,,,,3,0.227789,6,8.95273
,,,,,,,,,,,,,,,,3,1.35856,6,7.89397
,,,,,,,,,,,,,,,,3,5.68115,6,5.98476
,,,,,,,,,,,,,,,,4,0.736748,6,6.41222
,,,,,,,,,,,,,,,,4,0.57212,7,11.0556
,,,,,,,,,,,,,,,,5,2.24594,7,7.09832
,,,,,,,,,,,,,,,,5,1.85104,7,6.75004
,,,,,,,,,,,,,,,,5,0.93652,7,5.42148
,,,,,,,,,,,,,,,,5,0.737545,8,7.30007
,,,,,,,,,,,,,,,,5,2.40865,8,15.4755
,,,,,,,,,,,,,,,,5,4.78947,,
,,,,,,,,,,,,,,,,6,9.85146,,
,,,,,,,,,,,,,,,,6,5.32024,,
,,,,,,,,,,,,,,,,6,5.39672,,
,,,,,,,,,,,,,,,,6,8.97951,,
,,,,,,,,,,,,,,,,6,6.28817,,
,,,,,,,,,,,,,,,,6,1.43324,,
,,,,,,,,,,,,,,,,6,8.56479,,
,,,,,,,,,,,,,,,,7,6.09252,,
,,,,,,,,,,,,,,,,7,3.84901,,
,,,,,,,,,,,,,,,,7,5.64699,,
,,,,,,,,,,,,,,,,7,6.27332,,
,,,,,,,,,,,,,,,,8,4.8532,,
,,,,,,,,,,,,,,,,8,6.29472,,
,,,,,,,,,,,,,,,,8,6.48419,,
,,,,,,,,,,,,,,,,8,10.1254,,
,,,,,,,,,,,,,,,,8,10.6545,,
ATG9-GolSeg_1Feb22_4019_000_C_NSW4019_TGN46-4888_ATG9-647_B_60X_010_crop.nd2,4,4,1,0.607934,0.169667,2.17829,0.88974,0.747558,0.522381,8.65892e+06,7.00638e+07,36.0121,29.8634,1,0.723013,1,0.87786,1,5.99668
,,,2,0.563116,0.23505,1.34907,0.908286,0.858784,0.465113,6.95889e+06,6.80341e+07,39.0042,28.1222,2,1.40682,1,0.338258,1,2.05449
,,,3,0.58574,0.263472,1.30219,0.934472,0.809829,0.492187,4.39935e+06,7.89213e+07,40.5724,29.3664,3,1.86313,2,3.87456,1,3.56434
,,,4,0.572867,0.261213,1.25636,0.869847,0.828648,0.490787,3.51524e+06,6.5386e+07,37.7431,32.5491,4,1.43503,2,5.03061,2,7.94198
,,,,,,,,,,,,,,,,2,1.28138,3,
,,,,,,,,,,,,,,,,2,2.63021,4,3.5432
,,,,,,,,,,,,,,,,2,2.50873,,
,,,,,,,,,,,,,,,,2,1.92912,,
,,,,,,,,,,,,,,,,2,4.59958,,
,,,,,,,,,,,,,,,,2,6.52369,,
,,,,,,,,,,,,,,,,3,2.78232,,
,,,,,,,,,,,,,,,,3,6.52232,,
,,,,,,,,,,,,,,,,3,4.34232,,
,,,,,,,,,,,,,,,,3,1.30753,,
,,,,,,,,,,,,,,,,3,2.82046,,
,,,,,,,,,,,,,,,,3,4.98866,,
,,,,,,,,,,,,,,,,3,4.05103,,
,,,,,,,,,,,,,,,,3,2.03706,,
,,,,,,,,,,,,,,,,4,8.11964,,
,,,,,,,,,,,,,,,,4,5.32786,,
,,,,,,,,,,,,,,,,4,7.05077,,
,,,,,,,,,,,,,,,,4,4.60127,,
,,,,,,,,,,,,,,,,4,4.25511,,
,,,,,,,,,,,,,,,,4,3.43903,,
,,,,,,,,,,,,,,,,4,3.98445,,
,,,,,,,,,,,,,,,,4,3.62469,,
,,,,,,,,,,,,,,,,4,4.9368,,
ATG9-GolSeg_1Feb22_4019_000_C_NSW4019_TGN46-4888_ATG9-647_B_60X_012.nd2,2,2,1,0.552898,0.200695,1.52318,0.888742,0.815124,0.454985,9.21664e+06,1.19108e+08,61.7788,34.0036,1,1.94612,1,9.87746,1,
,,,2,0.54055,0.254125,1.14981,0.876272,0.85595,0.439963,3.39715e+06,1.10103e+08,54.2792,35.1186,2,1.67465,1,4.28669,2,
,,,,,,,,,,,,,,,,1,1.45136,,
,,,,,,,,,,,,,,,,1,1.43924,,
,,,,,,,,,,,,,,,,1,5.19292,,
,,,,,,,,,,,,,,,,1,8.85755,,
,,,,,,,,,,,,,,,,1,7.74758,,
,,,,,,,,,,,,,,,,1,2.09437,,
,,,,,,,,,,,,,,,,1,4.98066,,
,,,,,,,,,,,,,,,,1,3.62427,,
,,,,,,,,,,,,,,,,1,8.48337,,
,,,,,,,,,,,,,,,,1,10.1462,,
,,,,,,,,,,,,,,,,1,8.3019,,
,,,,,,,,,,,,,,,,1,7.0084,,
,,,,,,,,,,,,,,,,1,6.68491,,
,,,,,,,,,,,,,,,,2,6.45435,,
,,,,,,,,,,,,,,,,2,5.96707,,
,,,,,,,,,,,,,,,,2,6.54028,,
ATG9-GolSeg_1Feb22_4019_000_C_NSW4019_TGN46-4888_ATG9-647_B_60X_013.nd2,5,4,1,0.547653,0.333968,0.898061,0.695756,0.846805,0.508151,1.79565e+07,1.32238e+08,67.5839,32.756,1,0.952502,1,11.4772,1,16.1908
,,,2,0.469836,0.395461,0.5582,0.714208,0.859583,0.412409,9.6051e+06,1.20363e+08,53.7453,45.375,2,1.24349,1,2.80129,1,7.76429
,,,3,0.635908,0.212957,1.89888,0.719668,0.786946,0.578492,46308,9.04314e+06,16.7929,10.292,3,,1,6.04878,1,10.829
,,,4,0.542362,0.288677,1.01898,0.786547,0.809858,0.475806,8.48175e+06,9.69521e+07,53.6101,38.0623,4,1.09636,1,0.711129,1,12.9287
,,,5,0.572965,0.342927,0.957312,0.768456,0.852757,0.516192,1.07808e+07,1.07621e+08,49.8306,40.887,5,1.17751,1,7.92094,1,8.41922
,,,,,,,,,,,,,,,,1,4.88908,1,6.89984
,,,,,,,,,,,,,,,,2,7.15583,2,30.0322
,,,,,,,,,,,,,,,,2,5.03572,2,27.1072
,,,,,,,,,,,,,,,,2,9.04122,2,11.1072
,,,,,,,,,,,,,,,,2,9.53433,2,10.7036
,,,,,,,,,,,,,,,,2,6.21496,3,
,,,,,,,,,,,,,,,,2,8.26864,4,28.2912
,,,,,,,,,,,,,,,,2,9.48443,4,28.1039
,,,,,,,,,,,,,,,,2,7.25973,5,8.64493
,,,,,,,,,,,,,,,,3,0.145603,,
,,,,,,,,,,,,,,,,4,2.62306,,
,,,,,,,,,,,,,,,,4,5.87,,
,,,,,,,,,,,,,,,,4,2.68574,,
,,,,,,,,,,,,,,,,4,4.44881,,
,,,,,,,,,,,,,,,,4,7.98791,,
,,,,,,,,,,,,,,,,4,5.46722,,
,,,,,,,,,,,,,,,,4,1.28219,,
,,,,,,,,,,,,,,,,4,6.54925,,
,,,,,,,,,,,,,,,,5,8.21764,,
,,,,,,,,,,,,,,,,5,4.40222,,
,,,,,,,,,,,,,,,,5,2.49524,,
,,,,,,,,,,,,,,,,5,7.37874,,
,,,,,,,,,,,,,,,,5,7.68166,,
ATG9-GolSeg_1Feb22_4019_000_T_NSW4019_TGN46-4888_ATG9-647_B_60X_001_crop.nd2,2,2,1,0.549626,0.175512,1.72119,0.758546,0.788841,0.497128,2.88408e+07,1.26699e+08,57.1112,28.9101,1,1.0238,1,0.177523,1,14.7162
,,,2,0.50603,0.147575,1.73516,0.692372,0.773243,0.443989,1.57348e+07,1.06826e+08,53.3183,26.9266,2,0.32668,1,2.06092,1,12.3386
,,,,,,,,,,,,,,,,1,1.81503,1,5.78655
,,,,,,,,,,,,,,,,1,6.2493,1,5.62186
,,,,,,,,,,,,,,,,2,0.148406,1,5.06576
,,,,,,,,,,,,,,,,,,1,10.0085
,,,,,,,,,,,,,,,,,,1,8.3441
,,,,,,,,,,,,,,,,,,1,13.1399
,,,,,,,,,,,,,,,,,,1,15.7671
,,,,,,,,,,,,,,,,,,1,12.9672
,,,,,,,,,,,,,,,,,,2,18.1934
,,,,,,,,,,,,,,,,,,2,20.4273
,,,,,,,,,,,,,,,,,,2,14.5235
,,,,,,,,,,,,,,,,,,2,10.4181
,,,,,,,,,,,,,,,,,,2,18.897
,,,,,,,,,,,,,,,,,,2,20.5362
,,,,,,,,,,,,,,,,,,2,8.55592
,,,,,,,,,,,,,,,,,,2,9.32284
,,,,,,,,,,,,,,,,,,2,6.83849
,,,,,,,,,,,,,,,,,,2,12.5516
,,,,,,,,,,,,,,,,,,2,10.1975
,,,,,,,,,,,,,,,,,,2,10.854
,,,,,,,,,,,,,,,,,,2,9.5425
ATG9-GolSeg_1Feb22_4019_000_T_NSW4019_TGN46-4888_ATG9-647_B_60X_002_crop.nd2,4,4,1,0.570002,0.163553,1.98652,0.860389,0.79841,0.486326,1.46749e+07,8.6734e+07,46.6469,29.7761,1,0.312817,1,1.9469,,
,,,2,0.53203,0.15834,1.78765,0.855727,0.808694,0.438278,9.62145e+06,1.01542e+08,46.9505,32.8252,2,0.904893,1,5.28722,1,23.8914
,,,3,0.521465,0.178983,1.51929,0.869681,0.82057,0.422361,8.86385e+06,1.04193e+08,47.1382,35.717,3,0.287423,1,0.17387,1,21.6857
,,,4,0.573792,0.191344,1.72066,0.866505,0.846996,0.491505,1.17669e+07,8.44343e+07,47.1566,25.2813,4,0.086613,1,0.341319,1,22.8366
,,,,,,,,,,,,,,,,1,4.88029,1,8.62142
,,,,,,,,,,,,,,,,1,5.79793,1,8.14884
,,,,,,,,,,,,,,,,2,2.84762,1,5.32284
,,,,,,,,,,,,,,,,2,0.346992,1,2.59216
,,,,,,,,,,,,,,,,2,3.71062,1,12.0004
,,,,,,,,,,,,,,,,2,2.85801,1,14.2644
,,,,,,,,,,,,,,,,2,1.19588,2,20.8683
,,,,,,,,,,,,,,,,2,1.04797,2,17.2101
,,,,,,,,,,,,,,,,2,4.04322,2,15.8788
,,,,,,,,,,,,,,,,2,3.15138,2,9.70297
,,,,,,,,,,,,,,,,3,6.77132,2,8.06691
,,,,,,,,,,,,,,,,3,0.881326,2,20.503
,,,,,,,,,,,,,,,,3,0.558809,2,22.7879
,,,,,,,,,,,,,,,,3,1.12287,3,11.2022
,,,,,,,,,,,,,,,,3,5.46553,3,12.4955
,,,,,,,,,,,,,,,,3,3.57785,3,9.26186
,,,,,,,,,,,,,,,,3,7.78617,3,4.7622
,,,,,,,,,,,,,,,,4,1.60469,3,2.72215
,,,,,,,,,,,,,,,,4,1.53403,3,12.6931
,,,,,,,,,,,,,,,,4,3.45159,3,11.945
,,,,,,,,,,,,,,,,4,7.46234,3,9.92993
,,,,,,,,,,,,,,,,4,1.70332,3,6.97429
,,,,,,,,,,,,,,,,4,1.66214,3,10.2618
,,,,,,,,,,,,,,,,4,0.086613,3,11.3158
,,,,,,,,,,,,,,,,4,5.23301,3,11.0159
,,,,,,,,,,,,,,,,,,3,8.92141
,,,,,,,,,,,,,,,,,,3,14.8099
,,,,,,,,,,,,,,,,,,3,14.766
,,,,,,,,,,,,,,,,,,3,14.3981
,,,,,,,,,,,,,,,,,,3,18.8767
,,,,,,,,,,,,,,,,,,3,20.181
,,,,,,,,,,,,,,,,,,3,20.1074
,,,,,,,,,,,,,,,,,,3,21.8439
,,,,,,,,,,,,,,,,,,3,23.2334
,,,,,,,,,,,,,,,,,,4,9.70681
,,,,,,,,,,,,,,,,,,4,10.4118
,,,,,,,,,,,,,,,,,,4,6.52085
,,,,,,,,,,,,,,,,,,4,8.66102
,,,,,,,,,,,,,,,,,,4,7.71196
ATG9-GolSeg_1Feb22_4019_000_T_NSW4019_TGN46-4888_ATG9-647_B_60X_003_crop.nd2,2,2,1,0.590179,0.154974,2.24755,0.851427,0.729514,0.516837,2.57578e+07,1.08976e+08,39.65,31.5611,1,0.871729,1,3.73517,1,3.90465
,,,2,0.535849,0.149589,1.91949,0.87316,0.769332,0.458398,2.66589e+07,1.43034e+08,45.6816,35.5121,2,0.501007,1,1.33789,2,11.3975
,,,,,,,,,,,,,,,,1,0.37413,2,14.3881
,,,,,,,,,,,,,,,,1,1.37514,2,6.4869
,,,,,,,,,,,,,,,,2,3.42963,2,4.01747
,,,,,,,,,,,,,,,,2,6.27785,2,10.1993
,,,,,,,,,,,,,,,,2,2.49445,2,4.70515
,,,,,,,,,,,,,,,,2,2.58201,2,10.5258
,,,,,,,,,,,,,,,,2,0.350597,,
,,,,,,,,,,,,,,,,2,1.32984,,
,,,,,,,,,,,,,,,,2,2.67273,,
,,,,,,,,,,,,,,,,2,3.0592,,
ATG9-GolSeg_1Feb22_4019_000_T_NSW4019_TGN46-4888_ATG9-647_B_60X_004.nd2,2,2,1,0.548501,0.181362,1.65886,0.841083,0.790493,0.475379,2.55639e+07,1.51462e+08,56.2475,48.6689,1,1.40924,1,4.02232,1,30.1216
,,,2,0.486601,0.228439,1.03652,0.836351,0.769321,0.419477,3.24862e+07,1.97554e+08,68.6789,50.4871,2,1.62449,1,2.50539,1,29.468
,,,,,,,,,,,,,,,,1,1.791,1,27.8333
,,,,,,,,,,,,,,,,1,5.59643,1,10.9238
,,,,,,,,,,,,,,,,1,4.63659,1,12.1403
,,,,,,,,,,,,,,,,1,6.78202,1,10.1747
,,,,,,,,,,,,,,,,1,4.09233,1,8.32345
,,,,,,,,,,,,,,,,1,1.84779,1,8.80109
,,,,,,,,,,,,,,,,1,4.89252,1,8.5406
,,,,,,,,,,,,,,,,1,10.5503,1,9.17098
,,,,,,,,,,,,,,,,1,8.87964,1,12.6487
,,,,,,,,,,,,,,,,1,18.6668,1,14.7203
,,,,,,,,,,,,,,,,2,13.8928,2,16.1382
,,,,,,,,,,,,,,,,2,8.64008,2,14.1812
,,,,,,,,,,,,,,,,2,7.00853,2,10.9231
,,,,,,,,,,,,,,,,2,4.16398,2,13.0474
,,,,,,,,,,,,,,,,2,1.46022,,
,,,,,,,,,,,,,,,,2,2.94144,,
,,,,,,,,,,,,,,,,2,1.72282,,
,,,,,,,,,,,,,,,,2,6.54442,,
,,,,,,,,,,,,,,,,2,10.4881,,
,,,,,,,,,,,,,,,,2,7.43448,,
,,,,,,,,,,,,,,,,2,5.05214,,
,,,,,,,,,,,,,,,,2,11.7252,,
,,,,,,,,,,,,,,,,2,6.16172,,
,,,,,,,,,,,,,,,,2,3.04313,,
,,,,,,,,,,,,,,,,2,4.53573,,
,,,,,,,,,,,,,,,,2,8.94609,,
ATG9-GolSeg_1Feb22_4019_000_T_NSW4019_TGN46-4888_ATG9-647_B_60X_005_crop.nd2,8,8,1,0.56328,0.137928,2.30036,0.805215,0.74033,0.490906,1.97075e+07,8.85964e+07,53.441,27.6527,1,0.787336,1,2.76778,1,1.26264
,,,2,0.533116,0.171398,1.65821,0.848059,0.802808,0.454622,1.16316e+07,9.30579e+07,59.8162,22.7922,2,1.52397,1,1.22435,1,0.931642
,,,3,0.550385,0.216469,1.39939,0.795289,0.781496,0.497725,1.04532e+07,8.31272e+07,40.7675,32.8295,3,0.34493,1,0.800293,1,4.02549
,,,4,0.537265,0.154698,1.86592,0.808274,0.751512,0.452307,3.56045e+06,6.98379e+07,43.1485,24.3819,4,0.217172,1,2.35413,1,6.62716
,,,5,0.577223,0.172604,1.93036,0.875345,0.820481,0.464654,1.85138e+06,7.32044e+07,48.7926,23.7612,5,1.9497,1,4.17593,2,11.7665
,,,6,0.58292,0.154773,2.19545,0.871704,0.820385,0.479125,5.82551e+06,6.38468e+07,33.7978,25.4735,6,0.752471,1,2.84736,2,8.03987
,,,7,0.576783,0.209454,1.58832,0.89608,0.777487,0.466603,6.54485e+06,8.02278e+07,51.423,24.6494,7,1.52229,1,2.28701,2,6.73689
,,,8,0.603459,0.175903,2.07024,0.886864,0.775662,0.510425,3.89938e+06,9.17517e+07,54.8207,24.3508,8,0.908235,1,3.31872,2,5.95978
,,,,,,,,,,,,,,,,1,5.81669,2,7.55284
,,,,,,,,,,,,,,,,2,1.47172,3,
,,,,,,,,,,,,,,,,2,5.22987,4,18.4642
,,,,,,,,,,,,,,,,2,1.7984,5,13.2287
,,,,,,,,,,,,,,,,2,5.08795,5,7.96463
,,,,,,,,,,,,,,,,2,6.3357,5,5.93147
,,,,,,,,,,,,,,,,3,7.16794,5,7.56793
,,,,,,,,,,,,,,,,3,7.53266,5,9.43534
,,,,,,,,,,,,,,,,3,0.813176,6,12.519
,,,,,,,,,,,,,,,,3,0.329732,6,14.462
,,,,,,,,,,,,,,,,3,5.61424,6,11.9326
,,,,,,,,,,,,,,,,3,7.51636,6,10.8653
,,,,,,,,,,,,,,,,4,3.05598,6,9.13433
,,,,,,,,,,,,,,,,4,0.733048,6,6.8397
,,,,,,,,,,,,,,,,4,1.72491,6,0.535275
,,,,,,,,,,,,,,,,4,3.80683,7,21.2892
,,,,,,,,,,,,,,,,4,3.27758,7,21.8065
,,,,,,,,,,,,,,,,5,7.26215,8,27.0631
,,,,,,,,,,,,,,,,5,4.87921,8,5.51461
,,,,,,,,,,,,,,,,5,5.58456,8,3.98719
,,,,,,,,,,,,,,,,6,0.162785,8,6.28654
,,,,,,,,,,,,,,,,6,5.99167,8,9.90518
,,,,,,,,,,,,,,,,6,1.73191,8,26.6879
,,,,,,,,,,,,,,,,6,6.27275,8,24.1815
,,,,,,,,,,,,,,,,6,8.65021,,
,,,,,,,,,,,,,,,,7,10.8233,,
,,,,,,,,,,,,,,,,7,3.29788,,
,,,,,,,,,,,,,,,,7,3.08912,,
,,,,,,,,,,,,,,,,7,6.14278,,
,,,,,,,,,,,,,,,,8,0.742265,,
,,,,,,,,,,,,,,,,8,0.774475,,
,,,,,,,,,,,,,,,,8,4.10661,,
ATG9-GolSeg_1Feb22_4019_000_T_NSW4019_TGN46-4888_ATG9-647_B_60X_007_crop.nd2,2,2,1,0.542628,0.25104,1.1729,0.771428,0.829318,0.492227,1.87256e+07,1.53697e+08,71.2481,39.6468,1,1.22358,1,8.71202,1,12.1653
,,,2,0.614545,0.251421,1.50212,0.860407,0.836575,0.542503,1.711e+07,1.30142e+08,67.4952,36.975,2,0.508724,1,3.10215,1,5.7341
,,,,,,,,,,,,,,,,1,2.40061,1,20.0611
,,,,,,,,,,,,,,,,1,4.78679,2,12.3713
,,,,,,,,,,,,,,,,1,2.99491,2,17.0314
,,,,,,,,,,,,,,,,1,13.5067,2,9.14866
,,,,,,,,,,,,,,,,1,9.95152,,
,,,,,,,,,,,,,,,,1,7.4843,,
,,,,,,,,,,,,,,,,1,6.08015,,
,,,,,,,,,,,,,,,,1,7.31946,,
,,,,,,,,,,,,,,,,1,3.78916,,
,,,,,,,,,,,,,,,,1,9.03434,,
,,,,,,,,,,,,,,,,2,13.8117,,
,,,,,,,,,,,,,,,,2,7.5995,,
,,,,,,,,,,,,,,,,2,12.2081,,
,,,,,,,,,,,,,,,,2,9.31208,,
,,,,,,,,,,,,,,,,2,5.01552,,
,,,,,,,,,,,,,,,,2,3.86037,,
,,,,,,,,,,,,,,,,2,5.2215,,
,,,,,,,,,,,,,,,,2,0.984547,,
,,,,,,,,,,,,,,,,2,1.52667,,
,,,,,,,,,,,,,,,,2,2.51344,,
,,,,,,,,,,,,,,,,2,1.53541,,
,,,,,,,,,,,,,,,,2,8.59059,,
ATG9-GolSeg_1Feb22_4019_000_T_NSW4019_TGN46-4888_ATG9-647_B_60X_008_crop.nd2,3,2,1,0.545703,0.182078,1.63551,0.677195,0.80512,0.504176,3.47098e+07,2.34293e+08,74.2735,49.6786,1,1.20057,1,9.06223,1,34.1638
,,,3,0.504249,0.0411243,6.18289,0.71782,0.718854,0.456509,2.29601e+07,1.57164e+07,27.6732,14.0368,2,,1,9.84911,1,20.2418
,,,3,0.492762,0.160566,1.51224,0.713322,0.77915,0.428706,,1.99655e+08,74.1906,42.9477,3,1.32824,1,7.88737,1,15.0933
,,,,,,,,,,,,,,,,1,5.84792,1,22.2152
,,,,,,,,,,,,,,,,1,2.92778,1,21.9705
,,,,,,,,,,,,,,,,1,2.64333,1,21.9105
,,,,,,,,,,,,,,,,1,0.55313,1,11.7841
,,,,,,,,,,,,,,,,1,4.79032,1,10.949
,,,,,,,,,,,,,,,,1,5.9821,1,13.4835
,,,,,,,,,,,,,,,,1,9.56102,1,16.5872
,,,,,,,,,,,,,,,,1,10.6345,1,16.8186
,,,,,,,,,,,,,,,,1,13.046,1,37.8048
,,,,,,,,,,,,,,,,2,,2,1.29464
,,,,,,,,,,,,,,,,3,12.2586,2,4.57244
,,,,,,,,,,,,,,,,3,5.6214,2,8.36175
,,,,,,,,,,,,,,,,3,5.14127,3,14.2616
,,,,,,,,,,,,,,,,3,7.82947,3,13.6082
,,,,,,,,,,,,,,,,3,9.56572,3,40.3833
,,,,,,,,,,,,,,,,3,6.72411,3,10.3864
,,,,,,,,,,,,,,,,3,3.35946,3,8.7239
,,,,,,,,,,,,,,,,3,4.45592,3,31.9613
,,,,,,,,,,,,,,,,3,1.13152,3,30.4477
,,,,,,,,,,,,,,,,3,11.2909,3,29.0669
,,,,,,,,,,,,,,,,,,3,31.2305
,,,,,,,,,,,,,,,,,,3,27.8589
,,,,,,,,,,,,,,,,,,3,11.2951
ATG9-GolSeg_1Feb22_4019_000_T_NSW4019_TGN46-4888_ATG9-647_B_60X_009_crop.nd2,4,4,1,0.561218,0.167287,1.88279,0.839755,0.771741,0.457587,4.08476e+06,6.79909e+07,50.7604,30.1675,1,1.58441,1,2.53107,1,
,,,2,0.567416,0.207976,1.54807,0.890897,0.740336,0.474993,6.4073e+06,5.40343e+07,43.8996,27.9606,2,0.973807,1,4.6834,2,
,,,3,0.560876,0.219663,1.43212,0.847757,0.761498,0.482701,5.4459e+06,5.33397e+07,45.1249,27.7725,3,1.35498,1,5.48399,3,
,,,4,0.598837,0.225835,1.58791,0.884409,0.807354,0.508885,4.02609e+06,5.46486e+07,45.9075,24.9775,4,1.98,2,2.23174,4,
,,,,,,,,,,,,,,,,2,4.16271,,
,,,,,,,,,,,,,,,,2,1.13749,,
,,,,,,,,,,,,,,,,3,4.13126,,
,,,,,,,,,,,,,,,,3,2.015,,
,,,,,,,,,,,,,,,,3,3.04306,,
,,,,,,,,,,,,,,,,3,4.94707,,
,,,,,,,,,,,,,,,,3,5.48665,,
,,,,,,,,,,,,,,,,4,4.83147,,
,,,,,,,,,,,,,,,,4,2.62125,,
,,,,,,,,,,,,,,,,4,1.08052,,
,,,,,,,,,,,,,,,,4,3.74788,,
,,,,,,,,,,,,,,,,4,5.86177,,
,,,,,,,,,,,,,,,,4,5.3906,,
ATG9-GolSeg_1Feb22_4019_000_T_NSW4019_TGN46-4888_ATG9-647_B_60X_010.nd2,8,8,1,0.480131,0.173998,1.32487,0.767042,0.784453,0.398657,3.08104e+06,8.1035e+07,48.5386,30.2112,1,1.82028,1,3.34696,1,24.3576
,,,2,0.535691,0.152932,1.87641,0.841929,0.78141,0.428368,240238,5.40721e+07,42.2403,23.1248,2,0.800445,1,4.61463,1,22.9606
,,,3,0.518472,0.206673,1.30067,0.745832,0.831024,0.452353,1.05357e+07,9.31298e+07,52.9482,32.9665,3,0.139868,1,7.79328,2,4.04113
,,,4,0.531726,0.18075,1.56422,0.732855,0.823765,0.470792,6.15399e+06,9.34844e+07,47.7745,30.5657,4,1.20499,2,0.582471,2,5.3323
,,,5,0.563925,0.204416,1.5557,0.896665,0.885238,0.453433,4.94074e+06,6.34054e+07,32.6131,27.7568,5,2.31626,3,5.9379,2,7.13222
,,,8,0.638782,0.176946,2.30603,0.90779,0.833074,0.520484,1.69863e+06,5.08368e+07,33.747,24.5976,6,2.3225,3,3.62754,2,4.58068
,,,7,0.620972,0.172254,2.23859,0.89251,0.86592,0.471789,,5.2282e+07,34.6126,23.2011,7,1.73391,3,3.19526,3,18.9022
,,,8,0.664321,0.243194,1.81469,0.925991,0.82709,0.548119,,4.20492e+07,32.2664,21.907,8,2.67071,3,3.59317,4,6.68448
,,,,,,,,,,,,,,,,3,6.33797,5,8.32548
,,,,,,,,,,,,,,,,3,5.34955,5,2.63116
,,,,,,,,,,,,,,,,4,6.01393,5,6.5705
,,,,,,,,,,,,,,,,4,4.81417,5,7.28673
,,,,,,,,,,,,,,,,4,1.68577,6,4.10716
,,,,,,,,,,,,,,,,5,7.1725,6,2.51987
,,,,,,,,,,,,,,,,5,9.17428,6,4.20189
,,,,,,,,,,,,,,,,5,5.55382,7,1.57992
,,,,,,,,,,,,,,,,5,5.27734,7,2.95931
,,,,,,,,,,,,,,,,5,5.6688,8,
,,,,,,,,,,,,,,,,5,3.25116,,
,,,,,,,,,,,,,,,,5,3.32521,,
,,,,,,,,,,,,,,,,5,2.7316,,
,,,,,,,,,,,,,,,,5,4.06242,,
,,,,,,,,,,,,,,,,6,,,
,,,,,,,,,,,,,,,,7,,,
,,,,,,,,,,,,,,,,8,4.35627,,
ATG9-GolSeg_1Feb22_4019_000_T_NSW4019_TGN46-4888_ATG9-647_B_60X_012_crop.nd2,3,2,1,0.521504,0.186982,1.4545,0.908637,0.84075,0.423273,1.30718e+07,1.34238e+08,63.9587,38.3566,1,1.3755,1,8.69901,1,26.5364
,,,3,0.689163,0.112585,4.21855,0.93126,0.855495,0.666533,9.10497e+06,8.76391e+06,16.5194,10.8146,2,,1,7.34843,1,28.1205
,,,3,0.535212,0.204343,1.40182,0.89982,0.861634,0.438119,,1.4125e+08,70.4472,40.9426,3,1.63383,1,2.13147,1,29.8682
,,,,,,,,,,,,,,,,1,7.34045,1,32.1767
,,,,,,,,,,,,,,,,1,4.68367,1,6.22073
,,,,,,,,,,,,,,,,1,4.84407,1,12.6118
,,,,,,,,,,,,,,,,1,7.79523,1,14.2395
,,,,,,,,,,,,,,,,1,1.04265,1,17.1578
,,,,,,,,,,,,,,,,1,5.17998,1,11.3617
,,,,,,,,,,,,,,,,1,1.07747,1,6.59473
,,,,,,,,,,,,,,,,1,2.81926,1,4.02302
,,,,,,,,,,,,,,,,1,8.25357,1,29.7313
,,,,,,,,,,,,,,,,2,,1,32.3131
,,,,,,,,,,,,,,,,3,9.01842,1,33.13
,,,,,,,,,,,,,,,,3,10.2072,1,34.2172
,,,,,,,,,,,,,,,,3,16.5783,2,3.49796
,,,,,,,,,,,,,,,,3,14.3216,2,0.666438
,,,,,,,,,,,,,,,,3,8.7134,2,1.45065
,,,,,,,,,,,,,,,,3,5.77066,2,4.50699
,,,,,,,,,,,,,,,,3,14.4506,3,33.8379
,,,,,,,,,,,,,,,,3,7.22327,3,34.1099
,,,,,,,,,,,,,,,,3,9.97274,3,32.2707
,,,,,,,,,,,,,,,,,,3,27.6084
,,,,,,,,,,,,,,,,,,3,24.4661
,,,,,,,,,,,,,,,,,,3,24.9761
,,,,,,,,,,,,,,,,,,3,34.9948
,,,,,,,,,,,,,,,,,,3,25.0055
,,,,,,,,,,,,,,,,,,3,35.4719
,,,,,,,,,,,,,,,,,,3,12.9016
,,,,,,,,,,,,,,,,,,3,9.05062
,,,,,,,,,,,,,,,,,,3,21.9748
,,,,,,,,,,,,,,,,,,3,28.079
ATG9-GolSeg_1Feb22_4019_000_T_NSW4019_TGN46-4888_ATG9-647_B_60X_013_crop.nd2,2,2,1,0.463084,0.166698,1.28644,0.69325,0.769563,0.394694,5.45283e+06,1.0325e+08,73.59,34.8867,1,0.130824,1,3.63054,1,41.4206
,,,2,0.471121,0.187213,1.18558,0.696224,0.749989,0.399247,4.60153e+06,8.76613e+07,57.6545,35.37,2,0.835081,1,0.401663,1,8.34424
,,,,,,,,,,,,,,,,1,0.875596,1,8.48551
,,,,,,,,,,,,,,,,1,3.94859,1,38.9544
,,,,,,,,,,,,,,,,1,6.36381,2,
,,,,,,,,,,,,,,,,2,2.09648,,
,,,,,,,,,,,,,,,,2,0.0520287,,
,,,,,,,,,,,,,,,,2,1.54079,,
,,,,,,,,,,,,,,,,2,4.42199,,
,,,,,,,,,,,,,,,,2,1.95478,,
ATG9-GolSeg_1Feb22_4019_000_W_NSW4019_TGN46-4888_ATG9-647_B_60X_001.nd2,4,4,1,0.522458,0.187203,1.45811,0.876316,0.835185,0.425508,5.7879e+06,8.4747e+07,51.8122,34.756,1,1.61723,1,6.90788,1,11.7726
,,,2,0.531672,0.26575,1.06369,0.819324,0.813737,0.471763,6.58988e+06,8.1198e+07,49.5122,36.5147,2,0.392928,1,10.8567,1,9.93527
,,,3,0.583947,0.194978,1.74889,0.90615,0.855107,0.479673,1.71568e+06,9.16872e+07,51.6754,35.3697,3,1.99899,1,4.41496,1,11.4304
,,,4,0.551774,0.255362,1.19224,0.917061,0.810776,0.480373,1.10945e+07,7.83987e+07,43.8443,32.567,4,1.52947,1,6.55592,1,9.22423
,,,,,,,,,,,,,,,,1,7.63122,1,13.8522
,,,,,,,,,,,,,,,,2,3.7338,1,15.0187
,,,,,,,,,,,,,,,,2,4.37657,2,9.52167
,,,,,,,,,,,,,,,,2,5.01876,2,7.05214
,,,,,,,,,,,,,,,,2,3.6961,2,5.58887
,,,,,,,,,,,,,,,,2,7.21437,3,15.2398
,,,,,,,,,,,,,,,,2,2.21022,3,13.2112
,,,,,,,,,,,,,,,,2,0.741279,3,12.9478
,,,,,,,,,,,,,,,,2,0.983301,3,12.9311
,,,,,,,,,,,,,,,,2,1.04074,3,3.42974
,,,,,,,,,,,,,,,,2,3.02195,3,7.94976
,,,,,,,,,,,,,,,,3,6.44773,3,8.36575
,,,,,,,,,,,,,,,,3,6.21144,3,10.157
,,,,,,,,,,,,,,,,4,9.58821,3,16.459
,,,,,,,,,,,,,,,,4,7.52067,3,13.8949
,,,,,,,,,,,,,,,,4,7.48731,3,15.9886
,,,,,,,,,,,,,,,,4,9.53775,4,13.1569
,,,,,,,,,,,,,,,,4,2.569,4,11.5402
,,,,,,,,,,,,,,,,,,4,9.28516
,,,,,,,,,,,,,,,,,,4,10.8135
,,,,,,,,,,,,,,,,,,4,6.67943
,,,,,,,,,,,,,,,,,,4,13.8391
,,,,,,,,,,,,,,,,,,4,13.1625
,,,,,,,,,,,,,,,,,,4,11.0857
,,,,,,,,,,,,,,,,,,4,11.3409
,,,,,,,,,,,,,,,,,,4,9.43816
,,,,,,,,,,,,,,,,,,4,15.0752
ATG9-GolSeg_1Feb22_4019_000_W_NSW4019_TGN46-4888_ATG9-647_B_60X_002_crop.nd2,4,4,1,0.646203,0.19647,2.1254,0.898268,0.79496,0.571615,1.97824e+07,9.84144e+07,39.9257,33.0727,1,0.675782,1,2.4083,1,7.55555
,,,2,0.609918,0.308181,1.20708,0.855033,0.833109,0.548998,1.11191e+07,8.27172e+07,40.1749,34.4882,2,1.43038,1,1.1518,1,6.19241
,,,3,0.562709,0.267563,1.18343,0.753289,0.836637,0.519277,1.46405e+07,8.23513e+07,37.0384,33.3257,3,0.891628,1,1.28483,2,
,,,4,0.589062,0.336486,1.03123,0.742291,0.792656,0.545113,9.47764e+06,7.12014e+07,39.5215,32.5341,4,0.374069,1,3.24711,3,4.45245
,,,,,,,,,,,,,,,,2,10.0643,3,6.43587
,,,,,,,,,,,,,,,,2,8.27788,4,6.41698
,,,,,,,,,,,,,,,,2,9.06266,,
,,,,,,,,,,,,,,,,2,6.61134,,
,,,,,,,,,,,,,,,,2,3.02408,,
,,,,,,,,,,,,,,,,2,2.85128,,
,,,,,,,,,,,,,,,,2,6.39259,,
,,,,,,,,,,,,,,,,2,7.51879,,
,,,,,,,,,,,,,,,,2,2.28346,,
,,,,,,,,,,,,,,,,3,0.454283,,
,,,,,,,,,,,,,,,,3,3.33822,,
,,,,,,,,,,,,,,,,4,4.06123,,
,,,,,,,,,,,,,,,,4,3.20124,,
,,,,,,,,,,,,,,,,4,1.2003,,
,,,,,,,,,,,,,,,,4,1.2913,,
,,,,,,,,,,,,,,,,4,3.09495,,
,,,,,,,,,,,,,,,,4,0.747809,,
,,,,,,,,,,,,,,,,4,4.38994,,
,,,,,,,,,,,,,,,,4,3.75212,,
ATG9-GolSeg_1Feb22_4019_000_W_NSW4019_TGN46-4888_ATG9-647_B_60X_003_crop.nd2,4,4,1,0.54245,0.276001,1.06613,0.797658,0.837808,0.494456,1.56208e+07,8.2187e+07,43.7085,29.0278,1,0.718386,1,0.187483,1,5.71939
,,,2,0.547457,0.295837,1.01309,0.817836,0.860235,0.486854,4.49982e+06,8.87412e+07,50.8757,30.3037,2,0.894415,1,5.56121,1,2.31518
,,,3,0.544737,0.328599,0.903041,0.775824,0.862276,0.489905,3.29161e+06,6.57274e+07,44.1877,25.8004,3,0.690219,1,5.89052,1,11.7493
,,,4,0.506083,0.232933,1.09954,0.792078,0.81689,0.438058,6.54512e+06,8.73013e+07,54.9593,27.6701,4,0.755426,1,5.98879,2,7.11552
,,,,,,,,,,,,,,,,2,1.84581,2,6.27012
,,,,,,,,,,,,,,,,2,1.27121,3,
,,,,,,,,,,,,,,,,2,5.58696,4,8.61086
,,,,,,,,,,,,,,,,3,4.51183,,
,,,,,,,,,,,,,,,,3,3.86557,,
,,,,,,,,,,,,,,,,3,4.41791,,
,,,,,,,,,,,,,,,,3,2.5549,,
,,,,,,,,,,,,,,,,4,5.02904,,
,,,,,,,,,,,,,,,,4,7.97823,,
,,,,,,,,,,,,,,,,4,1.47672,,
,,,,,,,,,,,,,,,,4,4.21299,,
,,,,,,,,,,,,,,,,4,5.33511,,
ATG9-GolSeg_1Feb22_4019_000_W_NSW4019_TGN46-4888_ATG9-647_B_60X_004_crop.nd2,4,4,1,0.539978,0.451576,0.645685,0.800332,0.84705,0.485025,5.25492e+06,5.89258e+07,42.3046,34.7154,1,0.297638,1,2.45614,1,
,,,2,0.574808,0.315175,1.04832,0.797387,0.843077,0.520698,1.68879e+07,6.58293e+07,46.8019,29.8323,2,1.32663,1,4.34829,2,9.36133
,,,3,0.571798,0.27599,1.18465,0.772231,0.827242,0.523747,5.73888e+06,7.21594e+07,43.8322,33.3663,3,0.469011,1,1.39369,3,10.4871
,,,4,0.528818,0.233132,1.19953,0.794478,0.843906,0.471859,1.20226e+07,7.32961e+07,44.1182,33.257,4,0.611022,1,10.1998,3,7.9522
,,,,,,,,,,,,,,,,1,8.84367,4,4.28443
,,,,,,,,,,,,,,,,1,7.62512,4,9.44852
,,,,,,,,,,,,,,,,1,10.2635,4,13.789
,,,,,,,,,,,,,,,,2,2.98027,4,18.754
,,,,,,,,,,,,,,,,2,1.50643,4,20.7169
,,,,,,,,,,,,,,,,2,3.38358,4,13.7717
,,,,,,,,,,,,,,,,2,1.67453,4,9.76886
,,,,,,,,,,,,,,,,2,1.56941,4,10.9447
,,,,,,,,,,,,,,,,2,8.04701,4,7.53503
,,,,,,,,,,,,,,,,3,2.18801,,
,,,,,,,,,,,,,,,,3,1.13682,,
,,,,,,,,,,,,,,,,3,2.82315,,
,,,,,,,,,,,,,,,,3,0.174904,,
,,,,,,,,,,,,,,,,4,1.81026,,
,,,,,,,,,,,,,,,,4,1.79177,,
,,,,,,,,,,,,,,,,4,3.65017,,
,,,,,,,,,,,,,,,,4,1.41099,,
,,,,,,,,,,,,,,,,4,0.393289,,
,,,,,,,,,,,,,,,,4,2.02017,,
,,,,,,,,,,,,,,,,4,4.24633,,
ATG9-GolSeg_1Feb22_4019_000_W_NSW4019_TGN46-4888_ATG9-647_B_60X_005_crop.nd2,6,6,1,0.566435,0.237354,1.35177,0.93477,0.741774,0.441474,1.75051e+06,6.36355e+07,47.6679,28.8699,1,1.38205,1,7.0962,1,1.56073
,,,2,0.562588,0.214964,1.47236,0.86343,0.837673,0.467769,5.84029e+06,8.07687e+07,46.4376,35.3617,2,2.25243,1,7.44646,1,5.94049
,,,3,0.559562,0.206065,1.51947,0.876939,0.830573,0.469753,7.14401e+06,8.49361e+07,41.7956,37.9532,3,1.6254,2,5.71567,1,3.52302
,,,4,0.572385,0.226524,1.44631,0.909666,0.827448,0.474244,1.51602e+07,9.55174e+07,45.7066,31.3061,4,1.97109,2,6.59972,1,2.5539
,,,5,0.5152,0.207759,1.27759,0.825103,0.856412,0.426924,990763,8.22362e+07,40.2241,34.6732,5,0.438824,2,7.69523,2,
,,,6,0.551263,0.213187,1.42547,0.887499,0.823186,0.449425,8.90876e+06,9.04603e+07,46.6777,33.0729,6,1.18321,2,6.92627,3,12.2756
,,,,,,,,,,,,,,,,2,2.77387,3,12.4675
,,,,,,,,,,,,,,,,2,7.53082,3,17.9395
,,,,,,,,,,,,,,,,2,2.46275,3,8.96251
,,,,,,,,,,,,,,,,3,5.90716,3,21.3731
,,,,,,,,,,,,,,,,3,5.30828,3,13.0726
,,,,,,,,,,,,,,,,3,4.32519,3,15.0693
,,,,,,,,,,,,,,,,3,1.3412,3,15.8285
,,,,,,,,,,,,,,,,3,1.66012,3,19.5564
,,,,,,,,,,,,,,,,3,2.64631,3,11.2841
,,,,,,,,,,,,,,,,3,5.11023,3,9.40749
,,,,,,,,,,,,,,,,3,9.78259,3,8.34278
,,,,,,,,,,,,,,,,3,8.8874,3,6.01509
,,,,,,,,,,,,,,,,4,5.64153,3,1.6254
,,,,,,,,,,,,,,,,4,4.66538,4,10.618
,,,,,,,,,,,,,,,,4,3.43972,4,12.5103
,,,,,,,,,,,,,,,,4,3.10055,4,11.8029
,,,,,,,,,,,,,,,,4,2.94213,4,11.0392
,,,,,,,,,,,,,,,,4,1.31939,4,8.2458
,,,,,,,,,,,,,,,,4,4.28625,4,11.0787
,,,,,,,,,,,,,,,,4,2.61393,4,7.9435
,,,,,,,,,,,,,,,,4,5.05786,4,9.16853
,,,,,,,,,,,,,,,,5,2.46971,5,5.53222
,,,,,,,,,,,,,,,,5,2.57906,6,10.7459
,,,,,,,,,,,,,,,,5,4.15819,6,10.3758
,,,,,,,,,,,,,,,,6,1.21172,6,12.1065
,,,,,,,,,,,,,,,,6,2.48796,,
,,,,,,,,,,,,,,,,6,3.28449,,
,,,,,,,,,,,,,,,,6,6.9505,,
,,,,,,,,,,,,,,,,6,3.35449,,
,,,,,,,,,,,,,,,,6,8.60161,,
,,,,,,,,,,,,,,,,6,7.98564,,
ATG9-GolSeg_1Feb22_4019_000_W_NSW4019_TGN46-4888_ATG9-647_B_60X_006.nd2,4,4,1,0.529992,0.319728,0.878533,0.910215,0.880848,0.443226,3.58012e+06,1.08047e+08,50.939,40.9796,1,1.66949,1,7.07678,1,20.4894
,,,2,0.546754,0.232849,1.28384,0.921113,0.832208,0.432544,964160,8.13817e+07,43.216,33.7066,2,1.22236,1,6.64528,1,19.9194
,,,3,0.477001,0.227118,1.00181,0.84246,0.839026,0.374277,,8.09681e+07,41.9567,38.8992,3,1.73555,1,10.6475,1,25.9813
,,,4,0.635099,0.194975,2.06873,0.951041,0.843151,0.510574,,7.85543e+07,39.1282,31.4076,4,1.63693,1,10.8139,1,12.0092
,,,,,,,,,,,,,,,,1,12.013,2,19.2014
,,,,,,,,,,,,,,,,1,5.35308,2,14.5039
,,,,,,,,,,,,,,,,2,3.36954,2,18.6815
,,,,,,,,,,,,,,,,3,,2,14.8595
,,,,,,,,,,,,,,,,4,,3,
,,,,,,,,,,,,,,,,,,4,5.60534
,,,,,,,,,,,,,,,,,,4,5.66795
,,,,,,,,,,,,,,,,,,4,3.83621
,,,,,,,,,,,,,,,,,,4,3.11258
,,,,,,,,,,,,,,,,,,4,4.25873
,,,,,,,,,,,,,,,,,,4,2.78212
,,,,,,,,,,,,,,,,,,4,5.26998
,,,,,,,,,,,,,,,,,,4,5.78597
,,,,,,,,,,,,,,,,,,4,7.69909
,,,,,,,,,,,,,,,,,,4,8.57793
ATG9-GolSeg_1Feb22_4019_000_W_NSW4019_TGN46-4888_ATG9-647_B_60X_007_crop.nd2,4,4,1,0.520042,0.270556,0.999587,0.736267,0.799922,0.456747,2.54444e+06,7.39102e+07,44.4588,38.3616,1,0.0943651,1,6.11681,1,
,,,2,0.532572,0.297359,0.953839,0.855075,0.81787,0.444435,6.76417e+06,7.49818e+07,49.426,33.153,2,1.19265,1,8.3326,2,24.4401
,,,3,0.547094,0.184984,1.61805,0.834298,0.812855,0.448459,3.07674e+06,7.65891e+07,47.2398,34.877,3,0.507569,2,6.39306,3,23.006
,,,4,0.574768,0.223892,1.47553,0.906149,0.810599,0.468627,2.95344e+06,8.43601e+07,53.6563,30.7931,4,1.65638,2,5.45872,3,22.3574
,,,,,,,,,,,,,,,,2,6.62594,3,23.3557
,,,,,,,,,,,,,,,,2,8.64329,3,7.27666
,,,,,,,,,,,,,,,,3,3.16852,4,3.06209
,,,,,,,,,,,,,,,,3,2.63696,4,7.7235
,,,,,,,,,,,,,,,,3,5.54667,4,2.95711
,,,,,,,,,,,,,,,,3,6.40079,4,2.18829
,,,,,,,,,,,,,,,,4,5.86656,4,4.29413
,,,,,,,,,,,,,,,,4,6.03625,,
,,,,,,,,,,,,,,,,4,4.17091,,
ATG9-GolSeg_1Feb22_4019_000_W_NSW4019_TGN46-4888_ATG9-647_B_60X_008.nd2,9,8,1,0.543986,0.15341,1.92896,0.776536,0.804935,0.435576,7.21107e+06,7.88427e+07,43.2243,34.3068,1,0.119887,1,7.70994,1,
,,,2,0.529617,0.154646,1.81379,0.803757,0.82779,0.439896,7.54347e+06,7.73094e+07,48.8642,27.4119,2,1.39783,1,6.08126,2,
,,,3,0.648888,0.276242,1.52423,0.821502,0.912346,0.576101,388707,2.85561e+07,30.5501,16.6675,3,,1,1.15206,3,
,,,5,0.347477,0.103996,1.16101,0.695918,0.718507,0.266411,2.25616e+06,2.42809e+07,30.8194,16.8332,4,0.231054,1,3.13762,4,4.89387
,,,6,0.542922,0.190483,1.54746,0.765441,0.773377,0.452695,610896,5.42475e+07,39.8274,32.0019,5,0.714823,1,6.02431,5,
,,,7,0.448499,0.200578,1.00286,0.828849,0.8453,0.342826,651122,5.30315e+07,42.4512,24.0296,6,0.895124,1,2.66176,6,14.7539
,,,8,0.495726,0.260482,0.943423,0.871491,0.853324,0.402578,1.27683e+06,6.08589e+07,41.1772,31.544,7,0.348277,2,2.88172,6,7.68311
,,,9,0.584131,0.18057,1.88963,0.888159,0.853006,0.471707,405658,5.00219e+07,39.0412,23.404,8,1.48063,2,3.20085,6,13.1737
,,,9,0.537273,0.16829,1.71527,0.876249,0.842484,0.41266,,4.78277e+07,40.1919,22.061,9,0.988879,2,3.66482,7,10.8398
,,,,,,,,,,,,,,,,2,7.12063,7,10.3131
,,,,,,,,,,,,,,,,3,1.75756,7,9.15169
,,,,,,,,,,,,,,,,3,0.209059,7,7.9367
,,,,,,,,,,,,,,,,3,3.08822,7,6.09478
,,,,,,,,,,,,,,,,4,,7,9.76165
,,,,,,,,,,,,,,,,5,2.58157,8,7.94871
,,,,,,,,,,,,,,,,5,5.61109,8,7.64628
,,,,,,,,,,,,,,,,5,3.92598,8,18.6322
,,,,,,,,,,,,,,,,6,11.344,9,18.4437
,,,,,,,,,,,,,,,,7,5.73703,9,6.77321
,,,,,,,,,,,,,,,,8,7.99722,9,4.9797
,,,,,,,,,,,,,,,,8,6.15567,9,14.895
,,,,,,,,,,,,,,,,9,6.3036,9,16.5157
ATG9-GolSeg_1Feb22_4019_000_W_NSW4019_TGN46-4888_ATG9-647_B_60X_009_crop.nd2,5,4,1,0.561222,0.229525,1.37227,0.808044,0.768693,0.485225,6.3147e+06,6.91139e+07,41.2789,32.7045,1,0.560255,1,3.8521,1,
,,,2,0.517621,0.221766,1.20817,0.760451,0.811851,0.446749,6.51906e+06,4.62535e+07,32.6014,26.6857,2,,1,2.2651,2,
,,,3,0.549249,0.200914,1.50151,0.811484,0.788244,0.474263,5.84086e+06,8.36748e+07,43.1418,32.5304,3,0.2908,1,2.498,3,
,,,5,0.368653,0.0846474,1.60555,0.652288,0.645047,0.243276,8.86303e+06,3.22377e+07,34.3866,19.9656,4,0.886404,2,5.04003,4,
,,,5,0.552495,0.191174,1.59672,0.831713,0.735817,0.465963,,8.35382e+07,38.6622,35.0296,5,0.627764,2,2.92034,5,
,,,,,,,,,,,,,,,,2,8.27802,,
,,,,,,,,,,,,,,,,2,6.43529,,
,,,,,,,,,,,,,,,,2,8.72783,,
,,,,,,,,,,,,,,,,3,5.51363,,
,,,,,,,,,,,,,,,,3,2.89979,,
,,,,,,,,,,,,,,,,3,2.3144,,
,,,,,,,,,,,,,,,,3,3.13208,,
,,,,,,,,,,,,,,,,3,1.61762,,
,,,,,,,,,,,,,,,,3,2.74441,,
,,,,,,,,,,,,,,,,3,2.08844,,
,,,,,,,,,,,,,,,,3,3.02499,,
,,,,,,,,,,,,,,,,4,,,
,,,,,,,,,,,,,,,,5,3.63011,,
,,,,,,,,,,,,,,,,5,1.22944,,
,,,,,,,,,,,,,,,,5,7.0965,,
ATG9-GolSeg_1Feb22_4019_000_W_NSW4019_TGN46-4888_ATG9-647_B_60X_010.nd2,4,4,1,0.526901,0.200147,1.3871,0.856876,0.861548,0.438087,1.53292e+07,1.25864e+08,59.0703,35.76,1,1.94197,1,7.63639,1,12.2607
,,,2,0.509022,0.163987,1.58002,0.823787,0.740285,0.41745,1.25993e+07,1.98003e+08,63.1036,53.1587,2,1.88019,1,2.40025,1,9.1762
,,,3,0.551259,0.277006,1.09704,0.888738,0.838125,0.446398,1.21885e+06,1.02149e+08,47.6323,41.7529,3,1.98261,1,3.94903,1,8.21754
,,,4,0.548018,0.177144,1.69537,0.830975,0.777056,0.462104,1.39558e+07,1.70184e+08,62.9982,48.3645,4,1.56887,1,5.75302,1,6.92582
,,,,,,,,,,,,,,,,1,4.00562,2,28.2689
,,,,,,,,,,,,,,,,1,11.2044,2,27.6211
,,,,,,,,,,,,,,,,1,8.78324,2,10.5866
,,,,,,,,,,,,,,,,1,10.7548,2,30.3873
,,,,,,,,,,,,,,,,1,9.30944,2,33.411
,,,,,,,,,,,,,,,,1,7.21098,3,
,,,,,,,,,,,,,,,,2,5.53183,4,36.6674
,,,,,,,,,,,,,,,,2,7.86242,4,11.8031
,,,,,,,,,,,,,,,,2,8.12563,4,11.6488
,,,,,,,,,,,,,,,,2,1.20274,4,14.9082
,,,,,,,,,,,,,,,,2,5.09353,4,9.3659
,,,,,,,,,,,,,,,,2,4.35811,4,28.4294
,,,,,,,,,,,,,,,,2,3.32722,,
,,,,,,,,,,,,,,,,2,0.814516,,
,,,,,,,,,,,,,,,,3,6.09655,,
,,,,,,,,,,,,,,,,3,9.88921,,
,,,,,,,,,,,,,,,,4,8.80304,,
,,,,,,,,,,,,,,,,4,6.24299,,
,,,,,,,,,,,,,,,,4,7.0655,,
,,,,,,,,,,,,,,,,4,5.27805,,
,,,,,,,,,,,,,,,,4,10.0855,,
,,,,,,,,,,,,,,,,4,9.1696,,
,,,,,,,,,,,,,,,,4,5.74011,,
,,,,,,,,,,,,,,,,4,6.43918,,
,,,,,,,,,,,,,,,,4,5.62718,,
,,,,,,,,,,,,,,,,4,2.05935,,
,,,,,,,,,,,,,,,,4,5.0596,,
,,,,,,,,,,,,,,,,4,3.66801,,
,,,,,,,,,,,,,,,,4,0.969051,,
,,,,,,,,,,,,,,,,4,2.81638,,
ATG9-GolSeg_1Feb22_4019_000_W_NSW4019_TGN46-4888_ATG9-647_B_60X_011.nd2,6,6,1,0.553788,0.176578,1.7368,0.759389,0.787234,0.49372,1.56652e+07,1.1357e+08,51.6901,31.332,1,1.12987,1,2.22097,1,9.24376
,,,2,0.57551,0.191655,1.72817,0.82664,0.775573,0.497161,1.30235e+06,9.80016e+07,41.7201,34.5616,2,1.64868,1,5.34136,1,8.64921
,,,3,0.618438,0.231685,1.6508,0.920431,0.870552,0.530593,1.97556e+07,7.58792e+07,34.0764,26.9293,3,2.43711,1,1.93186,1,7.29113
,,,4,0.536524,0.261304,1.10162,0.728883,0.748989,0.474021,6.9484e+06,6.02488e+07,36.5098,32.1948,4,1.10585,1,1.2825,1,8.07321
,,,5,0.606197,0.19766,1.85912,0.873624,0.762428,0.519248,4.38634e+06,7.93694e+07,37.5075,30.5516,5,2.19921,1,4.7323,1,5.36947
,,,6,0.522708,0.224083,1.21929,0.712745,0.795298,0.452521,3.37348e+06,7.54582e+07,50.9292,27.692,6,0.871995,2,0.977604,2,7.87036
,,,,,,,,,,,,,,,,2,6.16795,2,4.48603
,,,,,,,,,,,,,,,,3,7.25108,2,4.023
,,,,,,,,,,,,,,,,3,6.85255,2,1.63325
,,,,,,,,,,,,,,,,3,3.6891,2,0.65416
,,,,,,,,,,,,,,,,3,1.71958,2,3.75332
,,,,,,,,,,,,,,,,3,6.18977,2,4.3443
,,,,,,,,,,,,,,,,3,4.76454,3,7.61124
,,,,,,,,,,,,,,,,3,2.04841,3,9.78206
,,,,,,,,,,,,,,,,3,2.70291,4,
,,,,,,,,,,,,,,,,3,2.22399,5,
,,,,,,,,,,,,,,,,4,4.04283,6,
,,,,,,,,,,,,,,,,4,4.92088,,
,,,,,,,,,,,,,,,,5,2.39018,,
,,,,,,,,,,,,,,,,5,4.56117,,
,,,,,,,,,,,,,,,,5,3.86045,,
,,,,,,,,,,,,,,,,6,1.77407,,
,,,,,,,,,,,,,,,,6,4.48404,,
ATG9-GolSeg_1Feb22_4019_000_W_NSW4019_TGN46-4888_ATG9-647_B_60X_012.nd2,6,6,1,0.543424,0.142924,2.0662,0.786566,0.737344,0.442867,829454,8.98719e+07,48.263,33.0358,1,2.01596,1,2.38453,1,6.52615
,,,2,0.600021,0.185809,1.93761,0.834504,0.816469,0.535873,1.8234e+07,1.15384e+08,49.3857,33.4578,2,1.67535,1,2.09617,1,5.71306
,,,3,0.502447,0.199996,1.26229,0.793444,0.788782,0.429471,1.52248e+07,1.36873e+08,52.9826,39.8159,3,1.36032,2,7.89543,1,3.3431
,,,4,0.53224,0.20863,1.35781,0.728366,0.803995,0.476375,1.78445e+07,1.33187e+08,61.4961,35.6228,4,1.48024,2,5.18759,1,4.61147
,,,5,0.54201,0.289849,1.01355,0.808777,0.819201,0.475126,4.11937e+06,1.19006e+08,58.4126,34.9537,5,1.51597,2,2.79022,1,8.19731
,,,6,0.547151,0.202273,1.48005,0.747402,0.774366,0.483302,8.80371e+06,9.07514e+07,43.4829,36.3828,6,1.35791,2,0.450251,1,4.66793
,,,,,,,,,,,,,,,,2,5.99517,1,8.62971
,,,,,,,,,,,,,,,,2,3.76756,2,9.64214
,,,,,,,,,,,,,,,,2,4.81304,2,7.7755
,,,,,,,,,,,,,,,,2,2.23882,2,11.1621
,,,,,,,,,,,,,,,,2,7.19604,2,9.49711
,,,,,,,,,,,,,,,,2,7.58448,2,9.78633
,,,,,,,,,,,,,,,,3,2.02957,2,11.8507
,,,,,,,,,,,,,,,,3,8.43694,3,9.5244
,,,,,,,,,,,,,,,,3,2.63263,3,9.21872
,,,,,,,,,,,,,,,,3,7.31004,3,8.57709
,,,,,,,,,,,,,,,,3,4.37466,3,11.0609
,,,,,,,,,,,,,,,,4,6.77153,3,5.69728
,,,,,,,,,,,,,,,,4,3.18958,3,10.2723
,,,,,,,,,,,,,,,,4,1.4315,4,8.75949
,,,,,,,,,,,,,,,,4,5.96209,5,9.12824
,,,,,,,,,,,,,,,,4,4.40169,6,
,,,,,,,,,,,,,,,,4,2.27534,,
,,,,,,,,,,,,,,,,5,6.15168,,
,,,,,,,,,,,,,,,,5,6.86789,,
,,,,,,,,,,,,,,,,5,3.15731,,
,,,,,,,,,,,,,,,,5,2.38748,,
,,,,,,,,,,,,,,,,5,1.5816,,
,,,,,,,,,,,,,,,,5,9.70272,,
,,,,,,,,,,,,,,,,6,4.88641,,
,,,,,,,,,,,,,,,,6,3.6245,,
,,,,,,,,,,,,,,,,6,2.47006,,
,,,,,,,,,,,,,,,,6,5.3927,,
,,,,,,,,,,,,,,,,6,9.05557,,
,,,,,,,,,,,,,,,,6,0.806246,,
ATG9-GolSeg_1Feb22_4019_000_W_NSW4019_TGN46-4888_ATG9-647_B_60X_014_crop.nd2,4,4,1,0.50677,0.233637,1.09921,0.791144,0.815593,0.442398,1.59081e+07,1.1312e+08,47.3025,40.2264,1,0.98523,1,5.58791,1,12.0004
,,,2,0.598189,0.195697,1.82849,0.823148,0.847384,0.51698,1.28411e+07,1.14499e+08,56.0689,33.6136,2,1.36167,1,0.103276,1,9.11517
,,,3,0.543001,0.248094,1.18846,0.790133,0.851341,0.475107,8.65167e+06,8.76014e+07,50.7869,31.2185,3,0.958053,1,6.66376,1,6.86851
,,,4,0.494821,0.217691,1.12475,0.825924,0.859569,0.408672,1.2248e+07,1.19533e+08,51.6962,38.5115,4,1.51665,1,1.04568,1,5.64302
,,,,,,,,,,,,,,,,1,1.95885,1,8.35245
,,,,,,,,,,,,,,,,1,0.416976,1,6.78367
,,,,,,,,,,,,,,,,1,3.00846,1,13.2339
,,,,,,,,,,,,,,,,1,3.76689,1,6.04816
,,,,,,,,,,,,,,,,1,13.583,1,17.874
,,,,,,,,,,,,,,,,1,13.283,2,8.49844
,,,,,,,,,,,,,,,,2,2.97692,2,14.2536
,,,,,,,,,,,,,,,,2,4.06145,2,11.6263
,,,,,,,,,,,,,,,,2,1.70118,2,12.0242
,,,,,,,,,,,,,,,,2,3.17478,2,8.58582
,,,,,,,,,,,,,,,,2,2.57217,2,6.24186
,,,,,,,,,,,,,,,,2,3.77328,2,9.02302
,,,,,,,,,,,,,,,,2,0.560483,2,9.6038
,,,,,,,,,,,,,,,,2,1.97857,2,9.08763
,,,,,,,,,,,,,,,,2,5.42186,2,7.59166
,,,,,,,,,,,,,,,,2,5.63596,2,8.60199
,,,,,,,,,,,,,,,,2,4.21169,2,12.9336
,,,,,,,,,,,,,,,,2,5.1823,2,11.1592
,,,,,,,,,,,,,,,,3,5.81508,2,12.9128
,,,,,,,,,,,,,,,,3,2.61271,3,23.8072
,,,,,,,,,,,,,,,,3,3.05305,3,6.80272
,,,,,,,,,,,,,,,,3,6.4488,3,12.3695
,,,,,,,,,,,,,,,,3,5.09758,4,19.481
,,,,,,,,,,,,,,,,3,3.38159,4,10.6016
,,,,,,,,,,,,,,,,3,4.68087,4,8.67964
,,,,,,,,,,,,,,,,3,4.39662,4,8.79852
,,,,,,,,,,,,,,,,3,1.26416,4,1.68146
,,,,,,,,,,,,,,,,3,0.569593,4,10.6275
,,,,,,,,,,,,,,,,3,1.88197,4,9.661
,,,,,,,,,,,,,,,,4,9.2261,4,7.55393
,,,,,,,,,,,,,,,,4,4.97973,4,10.6107
,,,,,,,,,,,,,,,,4,5.00354,,
,,,,,,,,,,,,,,,,4,3.21586,,
,,,,,,,,,,,,,,,,4,3.32045,,
,,,,,,,,,,,,,,,,4,5.74077,,
,,,,,,,,,,,,,,,,4,3.57663,,
,,,,,,,,,,,,,,,,4,1.94668,,
,,,,,,,,,,,,,,,,4,8.70584,,
,,,,,,,,,,,,,,,,4,0.644486,,
,,,,,,,,,,,,,,,,4,4.50618,,
,,,,,,,,,,,,,,,,4,3.73905,,
,,,,,,,,,,,,,,,,4,4.98972,,
,,,,,,,,,,,,,,,,4,5.26356,,
ATG9-GolSeg_1Feb22_4019_000_W_NSW4019_TGN46-4888_ATG9-647_B_60X_015.nd2,9,7,1,0.536188,0.183175,1.56953,0.790415,0.777551,0.456958,9.40795e+06,8.30537e+07,40.7243,29.8426,1,1.00417,1,1.40088,1,7.49509
,,,2,0.589458,0.178062,1.95135,0.883794,0.837494,0.498096,1.64515e+07,9.78712e+07,42.1038,27.5218,2,1.54561,1,2.33072,1,8.11485
,,,3,0.50366,0.219367,1.15639,0.857075,0.808213,0.405896,4.18752e+06,9.08851e+07,52.0717,24.8585,3,1.48413,2,5.63692,2,9.48578
,,,4,0.538657,0.197112,1.47201,0.876471,0.800935,0.448835,8.83041e+06,1.06516e+08,42.0525,29.294,4,0.451183,2,2.41867,2,6.90695
,,,5,0.468928,0.324154,0.678361,0.796238,0.704738,0.407629,2.30583e+06,5.76276e+07,38.9536,29.1963,5,0.739452,2,2.76988,2,7.75946
,,,6,0.556627,0.46228,0.67023,0.8726,0.825476,0.502241,1.08284e+07,8.49483e+07,49.2411,32.4424,6,0.588542,2,5.50904,2,8.3909
,,,7,0.564745,0.287049,1.11109,0.879069,0.876152,0.493644,1.09758e+06,3.85296e+07,29.5503,20.6771,7,,2,1.77246,2,4.67147
,,,9,0.712212,0.124286,4.08127,0.904305,0.848165,0.660755,6.19388e+06,1.49229e+07,23.0671,13.3377,8,,2,5.68515,2,7.30239
,,,9,0.533295,0.305934,0.929627,0.853726,0.835649,0.461102,,1.26027e+08,58.9159,35.0524,9,2.39893,2,5.80422,2,6.99766
,,,,,,,,,,,,,,,,3,8.44366,2,14.5307
,,,,,,,,,,,,,,,,3,8.1431,2,16.0447
,,,,,,,,,,,,,,,,3,7.74337,2,17.2879
,,,,,,,,,,,,,,,,4,4.67209,2,8.55112
,,,,,,,,,,,,,,,,4,5.30209,2,13.3336
,,,,,,,,,,,,,,,,4,7.24046,2,18.1921
,,,,,,,,,,,,,,,,4,3.04927,3,
,,,,,,,,,,,,,,,,4,4.39144,4,15.2254
,,,,,,,,,,,,,,,,4,0.161771,4,13.0737
,,,,,,,,,,,,,,,,4,2.0298,4,9.89091
,,,,,,,,,,,,,,,,4,3.68166,4,10.7561
,,,,,,,,,,,,,,,,5,10.3367,4,5.44551
,,,,,,,,,,,,,,,,5,9.01547,4,6.17711
,,,,,,,,,,,,,,,,6,10.1994,5,12.8341
,,,,,,,,,,,,,,,,6,7.942,5,13.9795
,,,,,,,,,,,,,,,,6,6.86669,5,14.6447
,,,,,,,,,,,,,,,,6,7.5705,6,12.3468
,,,,,,,,,,,,,,,,6,10.4271,7,2.04643
,,,,,,,,,,,,,,,,6,12.7299,7,11.1077
,,,,,,,,,,,,,,,,7,0.559113,7,1.14146
,,,,,,,,,,,,,,,,7,8.94787,7,5.17781
,,,,,,,,,,,,,,,,7,6.08187,8,2.79706
,,,,,,,,,,,,,,,,7,2.08008,8,3.68328
,,,,,,,,,,,,,,,,8,,8,1.33009
,,,,,,,,,,,,,,,,9,8.2378,9,29.9402
,,,,,,,,,,,,,,,,9,5.0625,9,31.9291
,,,,,,,,,,,,,,,,9,9.41632,,
,,,,,,,,,,,,,,,,9,6.4589,,
,,,,,,,,,,,,,,,,9,4.74293,,
,,,,,,,,,,,,,,,,9,9.88544,,
,,,,,,,,,,,,,,,,9,6.21544,,
,,,,,,,,,,,,,,,,9,8.80915,,
,,,,,,,,,,,,,,,,9,5.83135,,
,,,,,,,,,,,,,,,,9,4.04403,,
,,,,,,,,,,,,,,,,9,3.55273,,
,,,,,,,,,,,,,,,,9,2.31884,,
ATG9-GolSeg_1Feb22_4019_000_W_NSW4019_TGN46-4888_ATG9-647_B_60X_016.nd2,6,6,1,0.41016,0.160487,1.04825,0.648403,0.661028,0.287449,1.35863e+07,8.84566e+07,41.2926,33.9265,1,1.2278,1,6.7294,1,11.0717
,,,2,0.443881,0.155107,1.27028,0.623021,0.703895,0.338513,2.75906e+06,1.07427e+08,39.8534,38.2161,2,1.56115,1,3.83623,1,5.55796
,,,3,0.554026,0.227604,1.34859,0.740391,0.844475,0.478558,1.48393e+07,1.28409e+08,65.8923,29.6143,3,2.13042,1,5.43776,1,5.63306
,,,4,0.505657,0.205032,1.24707,0.672405,0.706518,0.418912,6.59263e+06,1.05975e+08,44.3377,37.9545,4,1.76429,1,1.98213,2,4.00073
,,,5,0.501896,0.254728,0.988897,0.691643,0.760314,0.409984,6.98563e+06,9.31906e+07,48.4946,32.0932,5,1.23746,1,1.98244,2,6.90765
,,,6,0.538391,0.227693,1.27305,0.700435,0.831846,0.468897,8.88724e+06,1.02372e+08,47.926,36.1146,6,1.22664,2,2.85059,2,7.41297
,,,,,,,,,,,,,,,,2,3.64705,2,7.19591
,,,,,,,,,,,,,,,,2,2.04115,2,16.0811
,,,,,,,,,,,,,,,,2,3.25367,3,18.8791
,,,,,,,,,,,,,,,,2,1.62302,3,17.9144
,,,,,,,,,,,,,,,,2,1.65229,3,7.34012
,,,,,,,,,,,,,,,,2,5.00945,4,8.11085
,,,,,,,,,,,,,,,,2,3.02239,4,6.65246
,,,,,,,,,,,,,,,,3,2.11343,4,5.79388
,,,,,,,,,,,,,,,,3,8.58387,5,9.7239
,,,,,,,,,,,,,,,,3,4.44154,6,
,,,,,,,,,,,,,,,,3,7.94454,,
,,,,,,,,,,,,,,,,3,8.15601,,
,,,,,,,,,,,,,,,,3,11.4084,,
,,,,,,,,,,,,,,,,3,9.93218,,
,,,,,,,,,,,,,,,,4,10.9038,,
,,,,,,,,,,,,,,,,4,9.46216,,
,,,,,,,,,,,,,,,,4,11.8927,,
,,,,,,,,,,,,,,,,4,5.28915,,
,,,,,,,,,,,,,,,,4,4.77705,,
,,,,,,,,,,,,,,,,4,3.51539,,
,,,,,,,,,,,,,,,,4,1.8831,,
,,,,,,,,,,,,,,,,4,1.60802,,
,,,,,,,,,,,,,,,,5,13.1992,,
,,,,,,,,,,,,,,,,5,8.98227,,
,,,,,,,,,,,,,,,,5,5.18362,,
,,,,,,,,,,,,,,,,5,3.76103,,
,,,,,,,,,,,,,,,,5,3.92133,,
,,,,,,,,,,,,,,,,5,5.6973,,
,,,,,,,,,,,,,,,,5,6.32031,,
,,,,,,,,,,,,,,,,5,7.61866,,
,,,,,,,,,,,,,,,,5,6.95953,,
,,,,,,,,,,,,,,,,5,8.94851,,
,,,,,,,,,,,,,,,,6,11.4273,,
,,,,,,,,,,,,,,,,6,12.5024,,
,,,,,,,,,,,,,,,,6,10.092,,
,,,,,,,,,,,,,,,,6,8.83677,,
,,,,,,,,,,,,,,,,6,1.95296,,
,,,,,,,,,,,,,,,,6,2.3679,,
,,,,,,,,,,,,,,,,6,1.53519,,
,,,,,,,,,,,,,,,,6,4.82283,,
,,,,,,,,,,,,,,,,6,6.68643,,
